userId,movieId,rating,timestamp
1,4,3.5,1071432881
1,1,3.5,1353778756
1,9,3.0,1261415646
1,8,4.0,1009747451
1,22,4.0,1269319644
1,5,3.5,1548245888
1,25,3.5,1393303705
1,18,4.0,1475770529
1,3,5.0,984611066
1,14,5.0,1492749116
1,24,3.0,1288302652
1,15,5.0,1519927151
1,2,3.5,1144703907
1,19,4.0,1210727955
1,12,5.0,1008449460
1,23,3.5,1308157429
1,16,3.5,1291735568
1,11,5.0,1074648506
1,6,3.0,1186665249
1,7,4.0,1595822698
1,20,5.0,1473528321
1,21,4.0,1162863730
1,10,4.0,1587194506
1,13,4.5,1498020238
1,17,3.5,960062915
2,2,4.5,1502764446
2,11,2.0,1360027313
2,13,3.0,1526563708
2,9,3.0,1048532577
2,3,4.0,1447099690
2,7,2.0,1017734861
2,19,3.5,1064112119
2,24,2.5,1353290810
2,20,2.0,1540389325
2,16,4.5,1402564736
2,17,4.0,1468132202
2,18,3.5,912327652
2,8,5.0,1022998994
2,21,3.0,1186501362
2,5,2.5,1588227492
2,12,3.0,1069820594
2,4,4.0,1387182120
3,24,4.5,1479153816
3,25,5.0,1469462919
3,9,4.5,1424636385
3,17,3.0,920912992
3,6,4.0,1230190783
3,22,4.0,1157109965
3,4,5.0,984564737
3,10,4.0,991969690
3,20,3.5,1471988889
3,7,1.5,1035034324
4,22,2.5,1029927269
4,16,4.0,1166186631
4,18,3.5,1531691672
4,6,4.5,1494768704
4,9,3.5,976228245
4,17,4.0,1577641645
4,14,4.0,933729406
4,7,3.5,1254794895
4,23,4.0,1421209849
4,10,4.0,1130035022
4,20,2.0,1513152854
4,11,3.0,1518702544
4,19,2.0,1337077308
4,25,4.0,1104451095
5,4,3.5,1105718272
5,22,3.0,1104235259
5,14,3.0,1097018781
5,12,3.5,1199085574
5,23,1.5,980943908
5,21,4.0,1375808013
5,15,4.0,1005128697
5,2,1.5,954318806
5,25,3.0,915846122
5,18,2.5,1000140141
5,7,5.0,1078575192
5,24,2.5,1336383774
5,6,3.0,1330613729
6,6,3.5,1218587604
6,13,3.5,1482177668
6,1,4.0,965452690
6,24,3.5,1527255918
6,9,3.0,1411947770
6,15,1.5,1069042105
6,10,3.5,961073976
6,14,4.0,1099528037
6,16,3.5,973574218
6,5,2.5,1152548261
6,4,2.5,1333550699
7,19,3.0,1185201412
7,8,2.5,1324971817
7,25,4.5,1390941149
7,20,4.5,1239492674
7,2,5.0,910002396
7,22,2.5,1392080329
7,3,2.5,1007354053
7,14,2.5,978663096
7,17,2.5,1042224154
7,11,3.0,1274745382
7,15,5.0,1296776692
7,5,2.0,1206002884
7,4,4.5,1224825305
8,21,5.0,954544899
8,17,4.5,1197083132
8,1,4.0,947337803
8,22,5.0,1584095277
8,18,3.5,1181272327
8,10,4.0,1359225330
8,4,4.5,1502269164
8,5,4.0,1060045822
8,9,3.5,1485823118
8,19,4.5,1493269304
8,15,3.5,1059014493
8,2,3.0,1291541578
8,12,3.5,942836793
8,24,4.0,1167930513
8,3,3.0,1010373808
8,25,2.5,1336344399
8,20,4.5,1566430218
8,16,3.5,1154194771
8,6,1.0,1074484941
8,11,5.0,1342697755
8,14,3.0,926614158
8,7,4.5,1342073642
8,8,5.0,1166467544
8,13,3.5,1016066793
8,23,5.0,1310751046
9,16,2.5,1199708182
9,8,5.0,1277040284
9,7,3.0,1475757257
9,15,2.5,1255569462
9,12,4.0,1180477683
9,10,3.5,1091735734
9,24,1.0,941078352
9,19,2.0,1016396351
9,1,2.5,1236808455
9,23,3.0,1368574364
9,25,2.5,1313600440
10,7,3.0,1105986733
10,9,1.5,1086860433
10,2,4.5,1560904107
10,14,2.5,900435874
10,1,3.0,1226283245
10,17,3.5,1522753913
10,18,4.5,1551397897
10,25,3.0,1374765466
10,12,2.5,1129460134
10,22,1.5,1082204745
10,23,3.5,991048514
10,11,3.0,1564926227
10,6,5.0,1259905654
10,10,5.0,1152188235
10,13,5.0,1233310361
10,15,3.5,926226563
10,5,4.0,949621604
10,24,3.5,978198716
10,16,4.5,1388999385
10,4,2.5,1108773243
10,3,4.0,1312293741
10,19,3.0,905953697
10,8,3.5,1014447237
10,20,3.5,1456152900
10,21,3.0,1398806645
11,18,4.5,1358209399
11,8,1.5,1488273030
11,4,3.0,1409677794
11,15,3.5,1383258726
11,5,3.5,1584683755
11,22,4.5,1197760792
11,17,3.5,1572966010
11,25,2.5,1156888294
11,11,3.5,1206798268
11,20,4.0,1151785565
11,10,3.5,1479984033
12,5,4.5,1346434187
12,25,5.0,1318197538
12,8,4.0,1527150493
12,13,3.5,1518142807
12,24,3.5,1308431021
12,7,1.0,1220632895
12,3,4.0,1318744974
12,14,5.0,1349920675
12,18,1.5,1477909930
12,11,3.5,1547737533
12,9,2.0,1136801619
12,23,2.5,1421454127
13,13,3.5,1535540030
13,11,3.5,1590147183
13,22,3.5,1360219456
13,23,4.0,953992714
13,25,4.5,1179340713
13,6,3.0,1250948014
13,15,4.0,1262388455
13,5,3.5,1352651788
13,1,2.5,1170874491
13,21,4.0,1479196799
14,12,2.5,1063619298
14,8,3.5,1022824732
14,21,4.5,1505557720
14,3,4.5,1175139575
14,23,3.0,1296098177
14,2,4.0,1022978730
14,1,4.5,1075842194
14,24,4.0,927571992
14,7,3.5,1234961542
14,19,1.5,1302982778
14,10,2.5,1325904456
15,3,3.5,1351034639
15,19,3.5,1426350075
15,23,5.0,1582454310
15,21,5.0,1393641365
15,8,3.0,1460221300
15,4,2.5,1598423334
15,10,3.5,1477858758
15,20,5.0,1419151495
15,2,1.5,1536164778
15,12,4.0,1188187517
15,9,3.0,993053577
15,7,4.0,1199496923
15,11,4.0,1398976917
15,6,3.0,1511871397
15,17,2.5,930816384
15,15,3.0,1430757561
16,6,1.5,999915275
16,16,3.5,1215933049
16,7,4.0,1228786222
16,12,5.0,1524440558
16,9,2.5,1269106688
16,11,4.5,1356881239
16,21,5.0,1277753674
16,19,3.5,1387205269
16,1,3.5,1029553265
16,23,4.5,1106785808
16,2,3.0,1098803134
16,4,5.0,1105665554
16,22,3.5,1533064117
16,24,4.5,1463324548
16,8,1.0,1108432166
16,18,2.0,1218092217
16,14,3.5,915191689
16,20,4.0,1473523188
16,25,3.5,958546865
16,13,3.5,1494164665
17,23,2.0,957562304
17,5,3.5,1062915636
17,21,4.5,1226240903
17,16,4.5,991462297
17,4,4.0,1346863451
17,1,3.5,1551028618
17,19,2.5,1461107986
17,10,2.5,1308427798
17,22,2.5,1531924051
17,17,4.0,1360452529
17,8,3.0,1554586204
17,6,5.0,1006551233
17,3,4.0,1126586581
17,20,3.5,1184161612
17,24,3.0,1086630878
17,15,3.0,1492697161
17,2,3.5,1383724666
17,9,3.5,1537599912
17,25,3.0,1209350265
18,23,3.5,1230295664
18,15,2.0,1209893263
18,3,2.5,1371537429
18,22,4.5,1332190231
18,8,4.5,1192322121
18,9,2.5,986373782
18,19,3.5,1542136977
18,7,4.5,1246090161
18,14,4.0,1548232591
18,4,3.5,1517615339
18,20,4.0,1530418447
18,16,5.0,1189385259
18,11,2.5,1518740490
18,25,5.0,1405196410
18,5,4.0,1457233178
18,12,2.0,1094872482
18,2,1.5,1528492896
18,1,2.0,997970787
18,24,4.0,1404669821
19,14,4.5,1452543518
19,11,3.5,901235946
19,24,3.0,1343721204
19,22,2.5,958201193
19,4,4.0,1435252889
19,6,4.5,1571527524
19,23,3.0,1186749454
19,25,3.5,1489720101
19,16,4.0,1420455331
19,10,4.0,1030380269
19,19,5.0,1156943695
19,7,4.0,1070057261
19,13,3.5,1338076670
19,9,3.5,1000082623
19,1,4.0,1021827951
19,8,5.0,1395475899
19,2,5.0,1065325235
19,20,3.0,1435126623
19,3,4.5,1193587744
19,18,3.0,1346129354
19,15,5.0,1161704064
20,18,1.0,1492616814
20,5,3.5,1245505799
20,13,2.5,1102563940
20,7,4.0,1311211819
20,20,3.5,1150785761
20,17,4.0,1241639230
20,24,2.5,1407854378
20,3,3.0,1314548900
20,9,1.5,1063321843
20,14,3.0,1439331014
20,6,3.5,1533701411
20,23,3.5,1372775194
20,21,4.0,1007064620
20,19,2.5,1054785699
20,1,3.5,1340211187
20,12,5.0,980346223
20,10,1.5,1404111692
20,8,3.5,1569219685
20,22,2.5,1326794469
20,2,2.5,1472972597
20,4,2.0,1308031980
20,16,5.0,1423929617
20,15,3.0,1480911523
20,25,4.0,1577703980
21,8,3.5,1162204999
21,24,2.0,1093334613
21,3,3.0,1082518553
21,14,4.0,1310753814
21,4,4.5,1565408938
21,21,3.0,1526160204
21,15,2.5,1053671484
21,6,3.5,1393460064
21,10,5.0,1174154962
21,1,2.5,1399561877
21,16,1.5,1208842146
21,18,3.0,1374303740
21,13,3.0,1271048258
21,19,4.5,1355598254
21,5,3.5,1168540924
21,22,2.5,1313061224
21,17,3.5,1418840705
21,7,4.5,1285429460
21,2,4.0,1517199615
22,23,3.5,1046865585
22,10,2.0,1574576271
22,1,4.5,942329671
22,22,4.5,1231714152
22,13,3.5,1291766764
22,9,3.0,1041102355
22,25,4.0,1346143048
22,2,4.0,1088592093
22,16,4.0,1292836532
22,24,5.0,1469998399
22,21,2.5,1076678230
22,15,3.5,1175919523
22,4,5.0,1216905717
22,17,2.5,1263692735
22,6,4.0,980852074
22,14,2.5,1051136695
22,12,3.5,1326717340
22,5,3.0,1498409868
22,11,2.5,914945047
23,18,5.0,1582259766
23,4,4.5,1224474225
23,15,1.5,1597115550
23,12,3.0,939956218
23,9,4.0,1226808977
23,19,4.0,1152114611
23,13,3.5,1477186272
23,22,4.0,1480027275
23,24,4.5,1350033924
23,8,2.0,1345478870
23,16,2.5,1006323670
23,1,4.0,1200368694
23,10,2.5,935128844
23,21,3.0,1377488537
23,6,3.0,1153524015
23,20,4.0,1294422907
23,17,3.0,1484615760
23,2,4.5,965015165
24,9,2.5,1539930411
24,7,5.0,1055357534
24,4,3.5,1039577989
24,15,2.0,1018032515
24,3,3.0,927681228
24,24,4.0,1155477113
24,1,4.0,1532276010
24,2,3.0,956263020
24,11,4.0,1036105947
24,8,3.5,968244921
24,21,2.5,1411365210
24,13,2.5,1537444033
24,10,4.0,1017095851
24,23,3.0,1560465943
24,18,3.5,946562851
24,25,3.0,1459903980
24,12,1.5,1223873102
24,14,1.0,965310776
24,20,4.0,1414302907
24,17,4.0,1015923129
24,22,2.5,1426422169
24,6,3.0,986748119
25,20,2.5,1022851168
25,5,4.5,1491991695
25,3,2.5,1130879256
25,24,1.5,1344328940
25,9,4.5,1263925049
25,25,4.0,1002097643
25,19,2.5,1235596237
25,18,2.0,1301902658
25,11,4.0,1063894795
25,13,3.0,997951867
25,10,2.5,991659287
25,21,4.0,1300126515
25,22,3.5,1039710404
25,8,2.5,1502998820
25,14,3.0,1503102938
25,15,3.5,1279673044
25,7,4.0,1354124989
25,2,4.5,1208839723
25,17,2.5,1544685429
25,6,3.5,1444830077
26,5,4.0,1558819288
26,22,3.0,1553903309
26,16,2.5,1187169808
26,8,4.5,1231769776
26,4,3.5,1264883950
26,12,3.0,1053815116
26,18,4.0,1508082645
26,20,3.5,1579863265
26,21,3.0,932917811
26,9,4.5,1303935666
26,10,4.0,1350791704
26,17,3.0,1234618074
26,13,3.5,1248303473
26,7,3.5,991221925
26,23,2.0,956488296
26,15,4.5,953432064
27,9,5.0,1022210617
27,15,3.0,1536873048
27,22,4.0,1422517939
27,14,2.5,1136779871
27,16,3.5,1324410834
27,20,4.0,1119497661
27,24,3.5,1223646570
27,23,5.0,1174361983
27,25,3.0,1210791488
27,7,3.5,1362412302
27,13,3.5,1088650860
27,17,4.5,1147079497
28,18,4.5,994628740
28,22,3.0,1367804106
28,12,3.5,1532295732
28,3,3.0,1233154770
28,13,3.5,1264549612
28,2,4.0,982011731
28,14,5.0,1448127255
28,1,2.5,1108202515
28,15,2.5,1275138838
28,24,2.0,1593039113
28,19,5.0,1058580752
28,6,3.5,1111818984
28,10,4.0,1086293158
28,7,2.0,980909963
28,21,2.5,1090209201
28,23,5.0,1398165815
28,11,3.0,1505306363
28,5,3.5,1506118438
28,25,2.5,1590407222
28,4,2.5,1573469560
28,9,2.5,1239451556
28,16,3.5,1374817290
28,8,4.0,1577944609
28,20,3.0,960314355
28,17,4.5,1277895080
29,3,4.5,1268763500
29,10,3.0,990547712
29,15,3.0,1166012797
29,23,3.5,1370039364
29,2,4.5,1554773573
29,21,3.5,1070452446
29,12,2.0,1315985367
29,24,5.0,1338912794
29,25,3.5,956227043
29,17,2.0,1577409303
29,18,3.5,1001474984
29,22,3.0,1499108439
29,9,3.0,1547145068
29,7,3.0,1061462131
29,8,3.0,1051857566
29,14,4.5,1275617211
29,13,3.0,1320861681
29,1,5.0,1038460786
29,4,1.5,1232411019
29,5,2.0,1500138002
29,20,2.0,1037217505
29,16,4.5,1465210546
29,19,4.5,1445985356
29,6,4.5,1288509962
29,11,4.5,1129987621
30,25,3.5,1570809983
30,16,3.5,1369948247
30,7,3.0,946914391
30,8,2.0,1155046107
30,5,4.5,1376954730
30,21,2.0,1382032731
30,3,2.5,1151258749
30,10,2.5,1403601664
30,4,3.5,1108323285
30,2,2.0,1373087862
30,11,5.0,1395725097
30,6,3.5,1439991949
30,13,2.0,1466355637
30,18,3.0,1114423806
30,19,4.0,1549252434
30,12,4.0,1588460744
30,23,4.0,1416030284
30,15,4.5,1010154881
30,24,2.5,1453953485
30,9,4.0,1072134062
31,15,3.0,1141096660
31,17,5.0,1597889971
31,5,4.0,1260015275
31,14,3.5,1208034406
31,3,3.0,1407294618
31,8,3.5,1403703167
31,25,3.0,1381682167
31,12,2.0,920405269
31,1,2.0,1174796224
31,22,3.5,1553780028
31,24,4.0,1466690337
31,7,2.0,1155164255
31,9,4.5,1223358638
31,6,4.0,1586069196
31,4,4.0,1568737754
31,16,3.0,1436687537
31,2,3.5,1540743666
31,18,2.0,1517452511
32,23,3.0,1484203557
32,5,0.5,1495016134
32,10,3.5,921833792
32,14,2.5,1582546314
32,1,4.0,1315410649
32,20,4.5,917439966
32,12,3.5,1283426624
32,8,3.5,1574585778
32,22,2.5,1011308231
32,6,3.5,1257039137
32,11,2.0,1043247463
32,15,4.5,1590196540
32,2,4.0,1088000513
32,9,4.0,1413818935
32,16,2.0,1578321204
32,13,3.5,1391429705
32,19,4.0,939711044
33,7,4.0,1329520110
33,2,4.0,1372163615
33,25,4.5,1100593456
33,24,3.0,1432794158
33,11,3.0,1457568201
33,10,2.5,1186389162
33,17,4.0,984747224
33,13,2.0,1362360908
33,16,2.0,1485698675
33,9,2.5,1215429295
33,1,3.5,1217440983
33,18,4.0,1229097422
33,21,2.0,1078933456
33,4,4.0,1376642996
33,5,3.5,1278557676
33,6,3.5,1560191749
33,15,4.5,961587757
33,20,3.5,980574838
33,3,3.0,1450921917
34,1,2.5,1064752975
34,5,2.5,1299446327
34,20,1.5,1376676179
34,22,3.5,1468503222
34,15,2.0,1294009507
34,2,2.5,1168018471
34,24,4.5,1021814525
34,3,4.0,1455924752
34,8,3.5,1315524530
34,12,4.0,1179484009
34,6,3.0,1379182105
34,7,4.0,1427422192
34,10,5.0,1114939857
34,25,5.0,1385377142
34,13,5.0,1085388355
35,3,2.5,1401873197
35,22,4.5,1492326390
35,11,5.0,970596494
35,24,5.0,1232098383
35,12,2.0,1413962746
35,25,4.5,1464461415
35,18,2.5,1517294720
35,19,4.0,979189225
35,10,4.0,979634081
35,17,4.0,1383156434
35,14,2.5,1037798236
35,20,4.0,1491957561
35,21,3.0,1038548086
35,13,3.0,1364520346
35,23,1.5,1033316990
35,15,3.5,1456307931
35,6,4.0,1246454337
35,4,4.0,1142096876
35,1,2.0,1204994549
35,2,5.0,984675178
35,9,3.5,1491461470
35,5,5.0,1194689553
35,8,4.0,1472817675
35,7,4.0,1000317984
36,21,3.5,1336038528
36,6,5.0,1219367188
36,19,2.0,1069737590
36,23,4.0,1372022811
36,5,2.5,1265278987
36,24,4.0,1551396498
36,11,4.5,1242863363
36,2,5.0,1270838810
36,1,4.0,1297864507
36,3,3.5,1452955706
36,17,2.5,1400871106
36,22,3.0,1031556899
36,13,3.5,1003950725
36,10,4.5,954337019
36,25,3.5,1560756497
36,4,4.5,1348968760
36,7,3.5,1071476207
36,15,5.0,1251581531
36,12,5.0,1103832812
36,20,3.0,1071092615
36,14,2.5,1435539154
36,16,3.5,1231292818
36,9,3.0,1322240582
36,18,3.5,1442716859
36,8,3.0,1526360971
37,2,3.5,1503246271
37,25,4.0,978954113
37,10,4.5,1314838889
37,16,2.0,1200347789
37,20,3.5,1569200551
37,22,3.5,1003810954
37,23,3.0,1322950895
37,18,1.5,1498967370
37,1,5.0,1292566853
37,4,3.5,1446666136
37,7,3.0,1330986098
37,3,3.0,1047141682
37,5,3.5,1257599735
37,12,4.0,1059923818
37,6,2.5,1550967273
37,15,4.0,1558276886
37,11,3.0,1242019016
37,17,5.0,1221300425
37,21,5.0,1537506993
37,8,2.5,1471595541
37,13,5.0,1425968839
38,10,2.0,1104853117
38,16,3.0,920333847
38,1,2.5,1343412542
38,12,4.0,1118927025
38,11,2.0,1406382505
38,4,4.5,966874023
38,14,3.0,1502247585
38,25,2.5,1249019278
38,23,4.5,1304612520
38,24,3.5,1236889280
38,5,4.5,1472440825
38,21,3.0,1267570835
38,13,2.0,1590747887
38,18,3.0,1183856728
38,22,3.0,1164697908
38,20,3.0,1199580835
38,17,3.0,1219561201
38,8,3.0,1210315830
38,2,3.0,1425063062
38,15,2.0,1240419907
38,6,2.0,1193622794
38,19,3.5,1209011489
38,9,4.5,1307693523
38,3,4.5,1323625992
38,7,4.5,1057277541
39,2,1.0,954508960
39,10,3.0,1584987769
39,23,2.5,1150006353
39,3,4.5,1407239833
39,12,4.0,1007959268
39,15,3.5,1490936560
39,9,3.0,1069587940
39,16,1.5,1410778600
39,7,5.0,1412656440
39,17,2.5,1208427014
39,14,2.0,1244851196
39,19,3.5,996057712
39,5,4.0,1516470999
39,20,3.5,940048684
39,13,5.0,1087974375
39,22,2.0,939019611
39,25,4.5,1326269674
39,4,3.5,1210812797
39,21,3.0,940229006
40,10,4.0,1441394238
40,19,3.0,1402533479
40,20,3.0,1255069350
40,4,5.0,1074476883
40,11,3.5,1099929730
40,25,2.0,915122787
40,15,3.5,1509650444
40,18,1.5,1107405357
40,17,4.5,1335391971
40,16,5.0,1359242868
41,11,4.0,1229430802
41,3,3.5,1071494637
41,13,2.5,1233910025
41,22,4.0,1026074193
41,4,2.0,1294647257
41,6,1.5,1559949050
41,5,4.0,1413443905
41,16,5.0,1064481748
41,25,0.5,1301176618
41,8,4.5,1346510829
41,1,3.0,1477155220
41,19,1.5,1134517688
41,7,3.5,1539750911
41,21,2.0,987907572
41,18,2.5,1288463544
41,14,3.5,983862154
41,20,4.0,1488033900
41,10,3.5,1442762599
41,17,4.0,1076670424
41,9,4.5,1252313624
41,23,4.0,1120548167
41,15,2.5,1526150048
41,2,1.5,1378333394
41,24,3.5,959738492
41,12,2.5,1390483627
42,2,4.0,1588832222
42,18,5.0,1351360199
42,15,3.5,1302074351
42,22,4.5,1305333621
42,10,3.5,1303346325
42,1,5.0,1479069250
42,13,4.5,1042796714
42,9,3.0,1091634595
42,20,2.5,1476876906
42,7,3.0,1139111798
42,21,4.0,903729417
42,25,3.5,1397146648
42,17,0.5,1484593732
42,16,2.5,1146599912
42,6,4.0,1165764028
42,14,3.0,1102379343
42,24,3.5,1021166014
42,19,5.0,1560268760
42,8,4.0,916799547
42,4,3.5,1537742679
42,12,4.0,936052248
42,3,2.0,952265802
42,23,4.0,1162781292
42,5,3.5,1151619881
42,11,2.5,1479562681
43,25,3.5,1535297732
43,2,4.0,1088047830
43,5,3.0,1432168774
43,17,2.5,950341410
43,10,5.0,1309261668
43,8,3.0,1463137920
43,19,3.0,1060221190
43,11,4.5,1222002819
43,18,2.5,1408436962
43,20,4.5,1158737619
43,23,4.0,1054996504
43,3,3.0,1397169479
43,22,4.5,1347221915
43,9,3.0,1498382096
43,4,2.5,1173799489
43,7,3.5,1118331154
44,21,4.0,916464447
44,3,3.0,1127426863
44,15,5.0,1025967304
44,12,2.5,1414237373
44,24,5.0,1119594317
44,18,2.5,1325880424
44,7,4.5,1203932500
44,2,3.0,1308732434
44,9,2.0,1231165907
44,13,4.0,1180849661
44,11,2.0,1400368062
44,10,5.0,1005879779
44,14,4.0,1243847870
44,1,2.0,1118106480
44,20,3.0,1504006325
44,4,4.5,1137591250
44,17,3.5,1494113766
44,16,3.5,1527099478
44,8,2.5,1063650505
44,23,3.0,1110659326
45,8,5.0,1462581035
45,13,3.5,936317983
45,19,3.5,952091933
45,25,3.0,906854580
45,16,2.0,1148499712
45,18,4.5,972980019
45,11,3.5,1443026584
45,9,3.5,1389636644
45,21,2.5,1561982621
45,17,4.5,1418836510
45,22,3.5,1471458801
45,3,3.5,1492322761
45,12,3.5,1195000621
45,6,3.5,1475244407
45,14,3.5,1362324458
45,23,3.5,1092486308
45,20,4.0,1059877461
45,15,4.0,1158738317
45,2,4.0,1280578233
45,5,4.5,1187037751
46,3,4.5,1255699119
46,12,2.5,1507583925
46,13,5.0,1467106600
46,15,3.0,945689604
46,19,4.0,1508579840
46,8,5.0,1410564546
46,20,3.0,1201048226
46,10,5.0,1483074772
46,25,3.5,1237675369
46,2,3.5,916812751
46,16,5.0,1327667092
46,7,3.0,982611003
46,14,3.0,1508485104
46,23,4.5,1317853724
46,9,3.0,1312151733
46,21,2.5,1050270803
46,1,4.0,984211091
46,11,2.0,1437722224
46,6,3.5,1004889313
46,22,2.5,1369319938
46,18,3.5,1549794986
46,4,4.0,1559132774
47,13,3.0,1318353415
47,11,2.0,1240030663
47,1,3.0,1230999662
47,21,4.0,1377531502
47,9,3.0,1042278314
47,15,4.0,993734690
47,16,4.0,1495647539
47,8,4.5,1450229169
47,12,3.5,1280012570
47,25,3.5,1495088987
47,7,4.5,1248354409
47,3,4.0,1313646070
47,24,4.5,990945411
47,10,3.5,1500797791
47,19,5.0,1514137833
47,20,2.0,1459531734
47,2,4.0,1049078381
47,5,4.5,1188749542
47,17,3.0,967932588
47,22,4.5,1079537578
47,23,2.5,1419939412
47,18,4.0,982593686
47,6,2.0,1571124810
47,4,5.0,1432363811
47,14,3.0,1014860711
48,10,3.0,1046162540
48,1,3.0,1115662642
48,13,5.0,1414332794
48,11,2.5,1242671456
48,20,5.0,1212940071
48,23,3.5,1518345671
48,22,2.0,1160301107
48,15,3.0,1321910884
48,19,4.0,1291932454
48,14,4.5,1535898931
48,16,4.5,1485864775
48,18,4.0,928900946
48,17,5.0,1395663087
48,25,4.0,1212814503
49,14,3.5,979419456
49,22,2.0,1525179752
49,16,4.0,1330361198
49,5,1.5,1349146950
49,21,3.0,1483734594
49,10,5.0,1476498415
49,8,4.0,1537609304
49,9,3.0,1166535973
49,24,3.0,1281187819
49,25,4.0,1504753177
49,13,4.5,1592596980
49,7,3.0,1256049246
50,4,2.5,992185888
50,1,5.0,1052122560
50,25,5.0,1274015041
50,9,3.0,1122122096
50,8,4.5,1459542785
50,17,2.5,1370477095
50,20,3.5,1385811477
50,18,3.0,1023571865
50,21,4.5,924250578
50,15,4.5,1076473863
50,6,2.5,1161899532
50,7,2.0,1255397438
50,19,3.5,1501133236
50,11,2.5,1334916368
50,10,4.0,1576199993
50,22,4.0,1364000836
50,3,5.0,1324753348
50,16,5.0,1111875497
50,24,4.0,1382727494
50,23,2.5,1130635563
50,14,3.0,1120959407
50,12,3.0,967177312
50,2,5.0,1519922596
51,18,3.0,1277940931
51,6,4.0,1391624059
51,12,2.0,1219378952
51,11,2.5,1559797724
51,7,2.0,1236280635
51,15,2.5,1026552991
51,4,3.5,1300834337
51,9,4.0,1051782582
51,16,2.5,1048033880
51,22,3.5,1517193289
51,10,3.0,1582364690
51,21,4.0,1477006598
51,20,3.0,1086009450
52,6,2.0,1507091264
52,16,5.0,1213629152
52,10,4.0,935106082
52,5,3.5,1080613009
52,25,4.5,1391045102
52,11,2.0,1431838653
52,15,3.0,1490263993
52,2,2.0,1187643522
52,12,3.5,1483155818
52,1,4.0,944678958
52,8,2.5,1373913756
52,3,0.5,1009968815
52,4,2.5,1165785059
52,7,2.5,1382896428
52,9,5.0,1182195698
52,20,2.5,1371447714
52,19,5.0,1026042285
52,17,3.5,1531278472
52,21,3.0,1276486996
52,13,4.5,1359740884
52,23,2.5,1078221407
52,22,2.0,1122203053
52,18,2.5,963734988
52,24,2.5,1540871060
52,14,3.0,1478498324
53,11,3.5,1057027702
53,23,3.0,1245848708
53,10,4.5,1321659217
53,24,2.0,1425552311
53,19,4.5,1574108885
53,9,4.5,1344770805
53,17,3.0,999959766
53,4,4.0,1332557724
53,5,2.5,1296287154
53,14,3.5,1388225728
53,15,4.5,902655449
53,1,3.0,1000010094
53,21,3.5,1284638726
53,25,2.5,968000803
53,3,4.0,1361325766
54,16,2.5,1572355141
54,9,3.5,1033398648
54,11,2.5,1069633510
54,10,3.5,1359346003
54,23,3.5,1117237515
54,18,5.0,1597929178
54,19,3.5,1224125621
54,5,5.0,1194226159
54,25,5.0,1000223044
54,21,3.0,1299264207
54,15,3.0,1596763109
54,17,4.0,1228038048
54,13,4.5,1151410032
54,1,3.0,1002202698
54,12,3.5,901166414
54,2,3.5,1537458510
55,17,4.0,1294666352
55,22,4.0,1042964672
55,15,3.0,1588887139
55,1,4.0,1469628927
55,24,3.5,1504829337
55,11,5.0,1372553155
55,4,3.5,1277084942
55,14,3.5,1062536735
55,5,2.0,1342070132
55,16,2.5,1133264702
55,2,3.0,993080561
55,19,4.0,1032239057
55,7,3.0,1533050169
55,23,3.5,1361052655
55,12,2.5,1237695739
55,20,3.5,1592156071
55,6,3.0,990461372
56,18,3.0,1585135687
56,20,4.0,1537727239
56,24,5.0,912956853
56,23,4.5,1287726245
56,10,4.0,1510293796
56,1,3.5,1351898779
56,21,2.5,1405748101
56,7,4.5,978374393
56,17,4.0,1181519299
56,25,3.5,1131652222
56,12,4.0,1327322429
56,16,3.5,1443968992
56,5,3.0,1346066704
56,11,5.0,1354810443
56,22,3.5,1476132087
56,4,3.0,1477303044
56,8,3.0,1232759989
57,17,3.0,1156234948
57,7,4.0,1366523205
57,5,3.5,1024539647
57,18,2.0,1232097676
57,11,4.0,1088598352
57,13,4.5,912187618
57,19,4.5,1075913951
57,3,2.5,1455363795
57,10,3.5,1178364310
57,14,4.0,1188583671
57,12,4.0,1026762436
57,16,3.5,1360983746
58,17,3.5,1516233644
58,3,3.5,1446346564
58,9,3.0,902757916
58,19,5.0,1162585121
58,21,4.0,949372289
58,24,2.5,1061152186
58,16,3.5,1092157835
58,15,5.0,1493634042
58,25,2.5,1350294365
58,12,3.5,1243527737
58,1,4.0,1191261014
58,8,4.0,1028205773
58,10,2.5,1439062353
58,20,3.5,1139643129
58,6,3.0,1453808250
58,22,5.0,974009197
58,5,3.0,1399391065
58,2,4.5,1233609196
59,3,2.0,1150179421
59,18,2.0,910302352
59,15,3.0,1259722166
59,1,5.0,1230187039
59,12,3.5,1011614410
59,7,4.5,1350773824
59,10,5.0,1428311983
59,19,5.0,1052872361
59,8,3.0,1200460098
59,23,5.0,1458087211
59,6,4.5,1343516366
59,24,3.0,991163279
59,17,2.5,1523597716
59,4,4.0,1323431477
59,9,4.0,980348617
59,21,3.0,1040346956
59,25,3.5,1154231714
59,22,3.0,1321929719
59,14,5.0,1250309958
59,13,3.0,980195016
60,5,4.0,1397514616
60,19,3.5,1069238221
60,4,4.0,1226648350
60,25,4.0,943303806
60,23,2.0,1130876810
60,6,4.0,997939109
60,15,2.5,1166522892
60,24,4.5,952560325
60,11,3.5,1220877774
60,14,3.5,933374137
60,2,5.0,1334212844
60,9,4.5,1490687810
60,20,2.5,1168277223
60,21,4.0,1050101639
60,8,4.0,1030409444
60,22,5.0,1138680070
61,7,3.5,1038288872
61,13,5.0,1255998988
61,12,4.5,1031563076
61,22,4.5,1080377032
61,21,4.0,1516203465
61,3,2.0,1432711663
61,19,4.0,931656371
61,9,2.5,1280043678
61,20,4.0,1130549659
61,1,4.0,1378901124
61,2,3.0,1059591761
61,4,5.0,1163909394
61,11,4.0,1595009888
61,8,3.0,1491297450
62,2,4.5,1242392183
62,3,3.5,1201649155
62,9,3.5,962911855
62,13,4.0,1283790644
62,5,2.5,1527053322
62,14,5.0,1007518427
62,7,3.5,1166134484
62,17,3.0,960031457
62,8,3.0,1135591393
62,1,1.0,1317065508
62,19,2.0,1280968571
62,22,5.0,1086521875
62,12,2.5,1089086333
62,6,3.5,1285240450
62,18,4.5,1535185398
62,23,5.0,1509511014
62,11,4.0,1505167856
62,20,5.0,1428524423
62,21,5.0,1482101860
62,15,3.0,996913120
62,24,4.5,960309911
62,4,3.5,1465269791
62,25,4.0,1413236768
62,16,5.0,1116320731
62,10,3.5,1040112087
63,23,4.0,1369083854
63,6,4.0,1586406624
63,11,5.0,1087048690
63,2,3.0,1503418543
63,1,2.5,1283138514
63,5,1.5,1139699130
63,19,2.5,1306286844
63,20,2.0,1229448930
63,4,3.5,1090812817
63,12,2.5,901930485
63,22,5.0,1320478827
63,24,2.5,1509329975
63,16,5.0,1556465515
63,25,4.0,1137184468
63,7,3.0,1432774653
63,10,3.0,1051014666
63,15,3.5,1272384530
63,14,4.0,1243080569
63,3,4.5,995268824
63,13,5.0,1586231285
64,15,3.0,1414847663
64,1,3.5,1520682356
64,9,2.5,1074651099
64,7,2.5,1384566178
64,8,5.0,1216655712
64,3,4.5,921558591
64,12,2.5,979672074
64,23,5.0,1267013765
64,4,4.0,980533234
64,24,4.5,1487386446
64,16,5.0,1262871672
64,22,2.5,1537835435
64,21,5.0,933278698
64,19,3.5,1363129902
64,14,4.0,1366219118
64,20,3.5,1068688902
64,11,4.5,1103994042
64,13,4.0,1339460908
64,17,3.0,1479955265
64,10,2.0,1184825874
65,10,4.0,1213330168
65,8,3.5,987978213
65,4,3.0,1326777316
65,2,3.5,1405672755
65,13,2.0,997857474
65,19,3.5,1589198776
65,18,3.0,1309573649
65,16,3.5,1296642020
65,5,3.5,1372167680
65,22,4.0,1399352182
65,6,3.5,1505855162
65,1,5.0,966184772
65,7,4.5,1003833652
65,20,5.0,992027526
65,17,2.5,1344514776
65,25,2.0,1533213949
65,24,3.5,1315652006
65,23,4.0,1461118447
65,14,2.5,1409838807
66,8,4.0,1243328397
66,16,5.0,971953537
66,10,2.5,993445007
66,3,2.5,1250175988
66,13,4.0,1196568375
66,2,1.5,913275526
66,17,3.0,1569003354
66,19,2.0,1020816186
66,5,2.5,1345004139
66,4,4.5,1525644753
66,21,4.5,1007593219
66,25,4.5,1008437656
66,22,3.0,1207189861
66,15,5.0,1341189818
66,24,2.0,1183614547
66,11,2.5,1553868135
66,12,4.5,1407929943
66,1,4.5,1054460628
66,23,3.5,1563834967
66,14,2.5,941642429
66,7,2.5,1324979220
66,20,4.0,1155098831
66,9,3.0,952925780
66,6,3.5,1299905152
66,18,1.0,921724902
67,10,3.5,1301483027
67,25,2.0,960350543
67,9,3.0,1234065879
67,16,3.5,1444167285
67,4,2.0,1462948033
67,8,4.5,1510607239
67,5,4.0,1115528733
67,24,3.5,961877074
67,15,3.5,1286949792
67,11,4.5,1113792490
67,19,3.0,1442375317
67,12,5.0,1326213526
67,7,3.0,932816979
67,18,3.0,1159779054
67,22,2.5,1090679038
67,2,4.5,1409578849
67,21,2.5,1075571407
67,20,3.0,1177733976
67,14,3.5,1206090918
67,23,2.0,929474736
68,2,1.5,1590137154
68,6,2.0,1195685474
68,19,2.5,1274423649
68,7,4.0,1392845370
68,8,3.5,1459030686
68,21,4.5,1569591945
68,22,3.0,1449233665
68,9,4.0,1301826151
68,14,2.5,1203521991
68,1,3.0,1220486085
68,17,3.0,1261081823
68,13,2.5,1196871629
68,15,2.0,1180404354
68,11,2.0,1599506796
68,16,3.5,1158022386
68,20,4.0,960961339
68,3,4.0,1544280854
68,18,2.0,1333897383
68,5,2.5,927332385
68,12,2.0,1434050001
68,25,4.5,1349431487
68,10,3.5,1334434754
69,24,5.0,995884955
69,2,3.0,1138642889
69,19,2.5,1229730298
69,23,5.0,1351478978
69,7,3.5,1179773344
69,11,2.5,1528751749
69,8,3.0,1405234798
69,18,5.0,957635190
69,16,4.5,1566422911
69,12,2.5,976467315
69,9,3.0,1028651382
69,5,3.5,1309814203
69,3,2.5,1061897130
69,20,3.5,1047494816
69,15,4.5,1511392447
69,13,3.5,1391313587
69,14,4.5,1093656603
69,25,5.0,986770648
69,4,2.0,1089863614
69,22,3.5,1236525794
69,10,3.5,1193698307
69,6,3.5,1124822604
70,19,4.0,915115189
70,6,4.5,1245973716
70,16,3.5,919237294
70,3,2.5,904427929
70,5,3.0,1269742752
70,20,3.0,1235106513
70,14,4.0,1532080338
70,25,4.0,1228688580
70,13,4.5,1220192227
70,18,5.0,1212273967
70,8,2.5,1462767039
70,7,4.0,1262747729
70,1,2.0,1043655310
70,17,4.0,1268006578
70,9,4.5,1102320914
71,13,3.5,1587539531
71,1,3.5,952169850
71,8,4.5,1537721108
71,23,5.0,921197567
71,5,3.5,951791998
71,7,3.0,1308294370
71,24,2.5,1032709191
71,17,2.5,1064418972
71,6,3.0,1120648482
71,4,3.0,1223321334
71,18,2.0,1351907286
71,12,2.5,1189885759
71,11,2.0,1568724016
71,19,3.0,1012650803
71,20,3.0,1449309976
72,4,2.5,1516491837
72,10,1.5,1430540166
72,25,4.0,1449439435
72,23,4.0,980582403
72,16,3.5,1174762050
72,7,3.0,1591851361
72,20,4.0,1217851397
72,9,5.0,1183602087
72,17,3.0,1087584639
72,19,3.5,942353230
72,6,4.0,1235766697
72,12,2.5,1357408869
72,21,3.5,949273037
72,5,3.0,910385578
72,3,4.5,1083086166
72,1,2.5,1252896879
72,18,3.0,1567660223
72,8,4.5,1188095021
72,2,4.0,1267995726
72,15,3.0,1096354549
72,22,4.5,1390204687
72,11,4.0,1191878557
72,24,4.5,1413511668
72,14,2.0,1352839683
72,13,2.5,1021393557
73,23,2.0,1556441105
73,24,5.0,1040290090
73,2,4.0,1418702826
73,6,4.0,1341613113
73,4,3.5,1373185010
73,14,4.0,1237410428
73,19,3.5,913271672
73,16,3.0,1519172154
73,15,2.0,1506677256
73,22,4.0,1263247548
73,10,5.0,1457379037
73,7,2.0,1002265468
73,13,3.5,1364766900
73,18,3.0,1271245687
74,13,3.0,1392949064
74,5,2.5,994510603
74,18,4.0,1435213213
74,20,3.0,1434050562
74,2,3.5,919079456
74,1,4.5,1498214865
74,6,4.0,1489590340
74,17,4.0,1548758323
74,16,3.5,1564717221
74,23,2.0,1503800000
74,14,2.0,1122104833
74,3,3.0,1265989408
74,21,2.5,1290136011
74,8,4.5,1387972689
74,19,2.0,1256452891
74,4,2.0,1408023421
74,11,3.0,1290084550
74,24,3.5,1138099150
74,22,3.0,902358958
74,12,2.5,1213514967
74,25,5.0,1488078280
74,10,2.0,949153870
74,9,3.5,1076260482
74,7,1.5,1339386707
74,15,3.5,1014849044
75,20,2.0,1441378026
75,7,4.0,1044564312
75,24,3.5,952153364
75,4,3.5,1494022242
75,13,5.0,1418544245
75,23,2.5,1445818292
75,15,4.0,1521218046
75,25,1.5,1086455552
75,11,3.5,1315973568
75,22,3.0,1544831376
75,21,3.0,1313028367
75,18,3.0,1349537843
75,1,5.0,1166544373
75,17,3.0,1193771337
75,12,3.0,1215866432
75,10,4.0,1386239368
75,2,3.5,1546955700
75,8,3.0,1450072167
76,23,4.0,1415793279
76,18,4.0,1525783470
76,11,2.0,1348263514
76,24,3.0,1473273772
76,21,3.0,913712236
76,7,5.0,1461277051
76,20,4.5,956978109
76,19,4.0,960778918
76,10,4.0,1072803057
76,12,5.0,1207751103
76,15,3.5,966607238
76,25,3.0,1216904770
76,3,4.0,1285132332
76,16,4.5,1385969649
76,14,5.0,1503319400
76,13,4.5,1140848222
76,9,3.5,1155116198
76,6,2.0,1448598641
76,8,4.0,1208849655
77,13,2.0,1375736188
77,25,4.5,1595389979
77,14,1.5,1294859017
77,22,3.5,1547881832
77,11,2.0,1110957071
77,18,4.0,1215870923
77,2,1.0,1381911354
77,1,4.0,1100764570
77,9,5.0,1086611097
77,7,3.5,943630672
77,10,3.0,1360106760
78,18,4.0,978255153
78,9,2.5,1241298507
78,5,1.0,1458996745
78,6,3.0,973203925
78,19,3.5,1483127878
78,24,3.0,1476637967
78,1,2.5,1129086910
78,11,4.0,1256357211
78,15,3.0,1563873742
78,23,4.0,1469618855
78,21,2.0,1597180693
78,3,3.5,909452902
78,22,4.0,1158071565
78,10,4.0,1589626099
78,17,2.5,942817871
78,12,2.5,1244603491
78,16,2.0,1021734439
78,8,4.5,1314331133
79,18,4.5,1477646075
79,24,5.0,1472525395
79,10,4.0,1575936026
79,1,3.5,1128895052
79,17,4.0,1011590567
79,12,2.5,1120739381
79,21,2.0,1367332988
79,19,3.0,1594239754
79,15,3.5,1065092727
79,16,3.0,925504528
79,22,2.5,993974854
79,5,3.5,978649475
79,11,5.0,1499238353
79,4,4.0,975636616
79,6,3.0,1177721135
79,9,3.0,1337692362
79,2,2.5,1364957091
79,23,4.5,1239736473
80,13,4.0,1223572858
80,22,3.5,1551295118
80,4,5.0,1369951184
80,18,4.5,1309539711
80,1,2.5,1408940398
80,20,4.5,1067851051
80,3,3.0,1319825069
80,2,3.5,1485967190
80,19,3.0,1220035728
80,12,5.0,1595720929
81,1,3.0,1023075021
81,18,3.0,1094731649
81,24,3.0,958398995
81,5,2.5,1489324397
81,4,2.5,1212085927
81,2,4.0,972330209
81,25,3.5,1523409836
81,13,4.0,1423116712
81,3,4.5,1151827731
81,10,3.0,1007422565
81,21,3.5,1107767506
81,12,4.0,1241220048
81,14,2.5,1228216558
81,23,3.5,1527247693
81,6,4.0,1239660140
81,15,4.5,1359891563
81,7,4.0,1137861414
81,17,4.5,1588095145
81,20,1.5,1044209787
81,9,4.0,1256013006
81,11,4.5,1285195859
82,16,2.5,1524800158
82,18,2.0,1128450041
82,4,2.5,939359410
82,6,2.5,1479473892
82,21,3.0,1406917752
82,20,3.0,1321441892
82,3,3.0,1139773681
82,9,4.5,1212457968
82,5,2.5,1043753906
82,7,2.5,1326044822
82,17,4.0,1290697670
82,12,2.0,1559316106
82,11,3.5,1078073155
82,2,3.5,1070963770
82,14,3.0,1092355674
82,1,2.5,1056980036
82,24,3.0,1419157832
82,10,4.0,1423601769
82,25,3.5,1148839570
83,9,5.0,1010837014
83,12,4.0,1459819889
83,8,3.0,1182733476
83,2,3.0,1521300772
83,7,3.0,1306431167
83,17,3.5,1292234424
83,24,1.5,983577346
83,13,2.5,1454762561
83,16,3.5,1139336253
83,15,5.0,1454449982
83,20,2.0,1270475638
83,1,4.5,1422763616
84,20,3.5,1341199665
84,1,4.0,924101254
84,17,3.5,1536028462
84,5,4.0,1073011097
84,15,4.5,1514469480
84,6,4.5,1057695200
84,8,4.0,1093313837
84,3,4.0,1454738715
84,23,5.0,1505165937
84,9,3.0,1584642175
84,4,5.0,1204357083
84,18,3.5,992071758
84,14,4.0,1406176343
84,13,5.0,1417187507
84,25,4.5,1545145663
84,10,5.0,1053235987
84,2,4.0,1095296618
84,21,1.5,1569168506
84,19,3.0,1267940478
84,12,3.0,1386909856
84,24,3.0,1306101350
84,7,3.5,1313886549
84,11,3.5,1461257031
84,16,3.5,1441551915
84,22,2.5,1550162509
85,6,2.0,1479053918
85,16,4.5,1597107270
85,20,1.5,1363316186
85,23,2.5,946641502
85,2,3.5,1468886152
85,18,1.5,1417676106
85,17,4.5,1309349574
85,4,2.5,1518605023
85,3,5.0,1004922732
85,24,3.0,1149658808
85,11,4.0,989998443
85,19,3.0,1338781057
85,10,5.0,1176815988
86,1,4.5,1172336071
86,23,4.5,1180571840
86,25,4.0,1292607356
86,19,2.5,1557001875
86,17,3.5,1118714407
86,4,5.0,1343700355
86,21,2.5,1091898710
86,24,3.0,1297513146
86,13,2.5,1229266242
86,7,3.0,1520248205
86,12,2.5,1048249943
86,22,5.0,1027867365
86,6,3.5,1073726191
86,16,2.5,1007673349
86,14,3.5,1263394867
86,2,4.5,1491176704
87,23,5.0,1587507560
87,22,3.0,1430824004
87,25,3.0,1456362850
87,2,4.0,1207097155
87,6,4.0,1448196577
87,13,5.0,1453850668
87,1,3.0,938720348
87,3,2.0,1286267885
87,5,3.5,1069055029
87,16,3.5,993246752
87,15,5.0,1279167941
87,10,3.5,1324281692
87,7,3.0,916499677
87,24,4.0,973677125
87,12,4.5,1500343937
87,17,3.0,1525918919
87,4,2.0,1196898040
87,21,5.0,1142982954
87,19,3.0,1333744956
87,14,3.0,1517301394
87,20,4.0,1443569021
87,9,3.5,1014315878
87,11,2.5,1265035599
87,18,3.0,1025637455
87,8,4.5,1477569362
88,9,1.0,1182769582
88,23,3.5,1267212061
88,15,4.0,981635326
88,13,3.0,1237018334
88,19,3.5,1279608458
88,16,4.0,1096263306
88,8,5.0,1104190795
88,11,3.0,1159906202
88,24,3.5,1184976854
88,17,3.5,1168108429
88,20,4.0,1564213363
88,10,2.5,1028718546
88,1,5.0,984275390
88,21,3.0,1559091699
88,2,2.0,907112115
88,5,3.5,945379683
88,18,2.5,1417857180
88,7,3.0,1516885481
88,6,4.0,1194992351
88,25,0.5,1448825565
88,12,3.5,1200933997
88,3,2.0,1037703046
88,14,4.5,958141154
88,4,2.5,1480645164
88,22,3.5,934963873
89,12,4.5,1097475805
89,13,3.5,1435550230
89,22,2.5,1299764420
89,6,4.0,1291999503
89,15,4.0,1093154584
89,4,3.0,1513546516
89,17,4.5,1145421677
89,21,4.5,1007234319
89,11,3.0,1496291839
89,1,1.5,1364091344
89,16,4.0,1060576006
89,19,3.0,1407865951
89,20,3.5,1436439085
89,7,3.0,1044387866
89,10,5.0,1455132014
89,2,3.5,1473359435
89,23,3.0,1222159250
89,9,2.0,1169481312
89,5,2.5,1327780790
89,3,3.0,1006273380
89,14,3.5,1173041469
89,8,3.0,1411680307
89,18,3.5,1259334721
89,25,3.0,1178924968
89,24,2.5,1176719186
90,1,4.5,1578295798
90,14,5.0,1587818236
90,4,3.0,1262267940
90,12,2.5,1334621392
90,20,4.0,976605123
90,7,4.5,1236598800
90,19,4.0,1240245422
90,18,2.5,1550027161
90,6,2.0,1592181541
90,10,2.0,1289945274
90,17,5.0,1530200307
90,15,2.5,1079656450
90,11,3.5,1097446299
90,9,4.0,1151929030
90,8,3.0,1170203915
90,13,5.0,985968857
90,2,3.0,1126099417
90,21,3.5,968496565
90,5,4.0,1408079376
90,3,3.5,1326288946
90,23,3.5,1462622237
91,4,4.5,1083188932
91,9,4.5,930678197
91,20,4.5,1249182252
91,5,3.5,1411267257
91,3,1.5,1192502766
91,13,4.0,1488996003
91,10,1.0,1479055622
91,8,4.5,1090091645
91,18,2.5,1582739957
91,19,3.0,1505573731
91,17,2.0,1473146349
91,11,4.0,1232496317
92,16,4.5,909806050
92,18,3.0,1362176397
92,8,4.0,907750253
92,3,2.0,1488638365
92,15,3.0,1501890658
92,10,4.0,1369339388
92,12,3.0,1593627337
92,14,4.0,1318462171
92,9,4.0,985050803
92,5,3.0,1353376084
92,25,2.5,1558435897
92,1,2.5,1191912946
92,24,3.0,1188645449
92,17,5.0,1343352165
92,22,3.5,1046698943
92,6,4.0,1210950586
92,21,4.5,1386155117
92,23,4.0,1192201792
92,19,3.0,1244288576
92,13,2.5,920825650
92,4,5.0,923762858
93,4,5.0,1435148365
93,10,4.5,934077472
93,9,3.5,1254601784
93,5,5.0,1056860613
93,15,4.5,960170716
93,1,3.5,1483247918
93,8,4.5,1404816257
93,3,4.5,1168520783
93,22,5.0,1309715619
93,20,3.5,1167321301
93,19,3.0,1313173592
93,25,3.5,935981405
93,6,2.5,1113867761
93,7,2.0,1459568869
93,17,4.0,1123818407
94,13,2.5,1161015184
94,22,3.0,909588354
94,10,5.0,1410318004
94,11,3.0,1540178067
94,6,4.5,1167063493
94,2,5.0,1069327426
94,18,2.0,1263377959
94,17,3.5,1571230728
94,4,4.5,1065268660
94,9,4.0,1475904997
94,8,3.5,1149832483
94,24,3.0,1240096507
94,5,5.0,1272929578
94,19,3.5,1371070826
94,21,3.5,1305626309
94,1,3.5,1284579421
94,12,3.5,942400500
94,20,3.0,1421089199
94,15,3.0,1482756272
94,14,2.5,1426232278
94,16,3.5,1273302105
94,3,4.0,1247549695
94,23,3.5,1542827694
94,25,2.5,1495411648
94,7,4.0,1382522615
95,9,4.5,1434239338
95,18,3.5,1204007541
95,12,3.0,1246389157
95,15,3.0,1003354415
95,1,4.0,1461782298
95,17,3.5,1039344057
95,13,3.0,1091811951
95,6,4.0,1421162378
95,21,3.0,1105746804
95,23,4.5,1317254802
95,19,4.5,1426036464
95,10,2.0,1174811907
95,4,3.0,952705290
95,24,2.5,976100340
95,2,4.5,914051099
95,25,4.0,1427642633
95,7,3.0,985852967
95,22,2.0,1287541399
95,5,4.0,1499169292
96,12,3.5,1013294985
96,23,2.5,1585717617
96,2,2.0,1358568278
96,20,3.0,1011779101
96,9,4.0,1331168733
96,17,4.0,1441909751
96,24,3.0,1544154611
96,3,4.0,1375680693
96,10,5.0,1490645339
96,18,2.5,1248594692
96,4,4.0,1579937154
96,21,2.5,1362340417
96,19,4.0,1158473878
96,13,2.5,1504672023
96,15,2.5,1490814307
96,14,3.0,1172826122
96,7,3.0,1326372748
96,11,4.5,900210054
96,25,3.0,1539695468
96,5,0.5,917504619
96,22,0.5,1224100009
96,6,3.0,907053228
96,16,3.5,1238126323
97,25,4.0,1394318319
97,23,3.0,1294152254
97,9,4.0,1525084928
97,18,3.5,1222447282
97,17,4.5,998682372
97,22,2.5,1133471497
97,19,3.0,982894551
97,5,3.0,1085652633
97,4,1.5,1424282788
97,2,4.0,1518724891
98,20,2.0,1347236783
98,21,4.0,1143436246
98,10,3.5,1546716453
98,2,5.0,1578812730
98,19,3.0,1310692249
98,13,4.5,1242863523
98,3,4.0,1479745130
98,22,2.5,1137079167
98,11,3.0,1064494545
98,12,5.0,1321854587
98,15,4.0,1378476787
98,14,3.5,996725836
98,7,2.0,1138462628
99,10,2.5,1164404457
99,13,2.5,1160183853
99,5,5.0,1247260600
99,23,4.5,1518494872
99,11,5.0,1354773258
99,3,4.5,1292203150
99,16,3.0,1537670731
99,2,4.0,925991885
99,24,3.5,1275505122
99,9,3.0,1561662253
99,18,4.5,1569136744
99,7,2.0,1056571398
99,19,1.5,1150707551
99,14,4.5,1114410364
99,20,3.5,992142552
99,21,3.0,1020658235
99,8,3.5,1566796289
99,4,3.0,1058567048
99,17,5.0,914746008
99,12,2.0,1268584828
99,22,3.5,1383249931
99,15,3.0,1405936741
99,25,4.0,1477678962
100,7,3.5,1191286241
100,18,5.0,908948759
100,17,4.0,971508836
100,9,3.0,1286782357
100,24,4.0,1015847550
100,16,5.0,1597299908
100,5,3.5,1315026155
100,1,3.5,1006948671
100,13,4.5,1238718269
100,2,2.0,994511472
100,19,3.5,1100164147
100,3,4.5,1502033662
100,21,5.0,923073060
100,15,5.0,1227413432
100,4,4.0,1258167668
100,10,2.0,919727026
101,22,3.5,994269176
101,12,3.5,1557611451
101,24,2.5,1571651925
101,21,3.0,1515145139
101,10,2.5,1064013159
101,8,2.5,1550009892
101,17,4.0,1253566796
101,9,3.0,1048795415
101,2,3.5,1523876967
101,18,2.0,1048294102
101,15,3.0,1231784498
101,7,2.5,1045226262
101,1,1.5,1361778017
101,16,5.0,1055856197
101,5,3.5,1506496928
101,4,4.5,1498439590
101,3,3.0,1472263097
101,6,4.0,1241017812
101,25,3.5,1056253951
101,20,3.5,1344572227
101,19,2.0,1341578219
102,15,3.0,1411747739
102,24,2.5,1043974416
102,21,2.0,1597468922
102,9,3.5,1301535849
102,5,4.0,1408789262
102,7,4.5,1047653166
102,4,4.0,1338719265
102,23,4.0,916121432
102,6,5.0,1138965760
102,1,2.5,1117790892
102,13,3.5,1371678892
102,10,3.0,1562562441
102,14,2.5,1391285126
102,18,3.5,1164982130
102,25,2.0,1552759821
102,11,4.5,1308423654
102,19,3.5,1514109940
102,22,2.5,1537594123
102,2,2.0,941351917
103,4,3.0,1455091932
103,15,4.5,1593746209
103,24,3.0,1385007134
103,2,4.5,1093028062
103,8,4.0,1528619698
103,17,5.0,1045284437
103,18,3.0,1322052175
103,13,2.5,1092069408
103,22,4.0,1387135978
103,19,2.0,1116822839
103,9,2.5,1388212379
103,16,4.0,1596403636
103,11,4.0,1076087243
103,1,3.5,1022583664
103,25,3.0,1382537877
103,5,3.0,1312410679
103,21,3.0,1449397669
103,7,3.0,1490929397
103,3,3.0,1308673666
103,23,4.0,1259910894
103,14,3.5,1507191953
103,20,5.0,1074079423
103,10,2.0,1055270986
103,6,4.0,1350522411
103,12,5.0,1230779274
104,24,2.5,1340396677
104,15,3.0,1374460059
104,10,4.5,1162758762
104,21,4.0,1487703577
104,6,3.5,1122949179
104,4,5.0,952526165
104,5,3.5,1274757193
104,7,4.0,939428930
104,1,3.5,1520722322
104,9,3.5,1547772834
104,17,3.0,952647028
104,8,5.0,1016917219
104,14,3.0,1205351281
104,13,4.0,1556152630
104,16,2.5,1514483748
104,25,2.0,1503633171
104,12,4.0,1521660320
104,20,4.5,1286749612
104,2,4.0,1221365006
105,12,3.5,1557187708
105,13,4.5,1575360627
105,3,4.0,1467952106
105,14,4.5,1549375452
105,18,3.5,1208365022
105,23,2.0,1178807844
105,10,4.5,1464134530
105,16,2.5,1039278422
105,5,3.0,1559588843
105,4,2.5,1578451941
105,25,3.0,1434445451
105,22,3.0,1554344451
105,17,3.5,1149882959
105,6,3.0,901697496
105,9,1.0,1026923950
105,7,5.0,1026621779
105,11,3.5,1122619790
105,21,4.5,1344573290
105,15,0.5,948846868
105,2,3.0,1584514218
106,1,4.5,1325254727
106,21,3.5,931264549
106,7,2.0,1088580302
106,10,4.0,1414438586
106,9,5.0,1409490977
106,3,4.0,1417001884
106,22,2.0,1066844758
106,19,2.0,1476564508
106,17,2.0,1259821251
106,11,1.5,960153467
106,13,4.0,1459498114
106,25,3.0,1238768594
106,2,5.0,1496116984
106,16,3.0,1256180872
106,6,3.5,1279670326
106,12,4.0,933471933
107,13,3.5,1298984826
107,21,1.0,1132078427
107,18,4.0,1463822282
107,6,3.5,940152609
107,19,4.0,1117001514
107,20,4.5,926773507
107,25,3.0,1418255654
107,22,4.0,1265196671
107,4,3.0,1419124046
107,10,3.5,1251476453
107,12,2.5,1053861882
107,14,3.5,1454208214
107,23,3.0,1042503964
107,15,3.5,1316169674
107,1,4.0,1460863541
107,5,4.0,947276808
107,7,4.0,1538111425
107,2,4.0,949542207
107,17,3.0,1010705823
107,8,2.0,1235523711
108,19,3.5,1373644294
108,10,3.0,1069110063
108,21,3.0,1193815375
108,7,5.0,1500893588
108,11,5.0,1451968433
108,22,4.5,1489876885
108,20,4.5,1241970569
108,24,3.0,1204156374
108,9,5.0,1516416868
108,23,3.5,1558486006
109,18,4.0,1112758864
109,15,3.0,1472825087
109,2,2.0,984337702
109,5,5.0,1400036589
109,1,3.0,1509659120
109,16,4.5,1402807424
109,23,5.0,1004435349
109,4,2.0,1399715752
109,13,4.0,1405244785
109,19,3.5,1562436526
109,20,4.0,1177082043
109,7,4.5,1254686942
109,14,3.0,1248709567
109,3,3.5,1410386386
109,10,3.5,1021211559
109,11,3.0,1083396760
109,8,4.5,1203071541
109,6,3.5,1036788265
109,12,2.0,1445406800
109,17,5.0,1014870295
110,18,4.5,1509038381
110,21,4.0,1153568773
110,3,2.5,1085849093
110,10,3.5,1516529978
110,25,3.0,1422515312
110,15,4.5,1249372065
110,13,4.5,1496020884
110,14,4.5,1230750834
110,8,4.0,1335717670
110,17,4.0,1540385433
110,9,3.5,1306852607
110,23,3.0,966016032
110,16,5.0,997209076
110,7,3.5,1523594774
110,2,4.0,1583042414
110,6,4.0,1060219920
110,4,2.0,1386377578
110,12,2.5,1520549135
110,19,3.5,1380134151
110,20,4.0,1239944210
111,19,5.0,1501327907
111,22,4.0,1203019866
111,10,2.5,933484360
111,14,3.5,1323342384
111,12,5.0,1571318744
111,3,3.0,1309702344
111,25,4.5,1367281753
111,1,2.0,1409889300
111,17,3.0,1049324059
111,13,4.0,1286856173
111,24,4.5,1348003203
111,20,5.0,1034807378
111,5,5.0,1044179313
111,18,5.0,1054614401
111,6,3.5,1422591579
111,9,2.0,1045788098
111,21,1.0,990906681
111,23,4.5,1389657032
111,11,5.0,1549001242
112,20,5.0,1295758262
112,6,3.5,1021509314
112,15,1.5,985967108
112,17,2.5,1052565264
112,14,3.5,1200025339
112,18,2.5,1399221581
112,23,2.5,1555058332
112,13,3.5,994968544
112,12,3.5,983839817
112,8,5.0,1580416949
112,3,2.0,1558245742
112,7,3.0,956665940
112,10,4.5,911578585
112,1,3.0,1403444049
112,25,1.5,1516290544
112,16,4.0,1255960435
112,4,1.5,1216343609
112,5,4.5,1210535202
112,9,4.5,1541707324
112,11,5.0,1226493578
112,24,3.5,965946817
112,19,2.0,1575705787
112,22,3.0,955426425
113,24,3.5,1087490184
113,20,5.0,1379590189
113,1,2.5,1297034107
113,10,4.0,1153613398
113,16,3.0,1420677295
113,3,4.0,935530684
113,5,4.5,1268130224
113,17,5.0,1539460592
113,25,3.0,1065517620
113,9,4.5,1343399405
113,19,2.0,1311422431
113,18,3.5,1584590590
113,22,4.5,1079619035
113,15,4.0,1270522239
113,12,5.0,958331864
113,11,2.5,1024548001
113,23,2.0,956396358
113,2,4.0,1223590493
113,13,4.5,1411386978
114,8,3.5,1174173441
114,13,5.0,1527255103
114,22,2.0,1159627518
114,24,4.5,1532137889
114,16,3.5,1093184033
114,9,2.5,1236370919
114,5,2.0,972962860
114,17,3.0,912843471
114,14,2.5,1378826794
114,1,4.0,1277437882
114,19,3.5,1107317573
114,23,4.5,936552071
114,25,4.0,1537951442
114,7,3.5,1132813761
114,11,5.0,1028824444
114,6,3.0,992756659
114,20,4.0,1595683597
114,21,3.0,1507811749
114,18,3.5,1019019007
114,15,3.0,1097850884
114,3,3.5,981297478
114,4,4.5,1585885348
114,10,0.5,1358469929
114,2,4.5,1247252539
114,12,3.5,1197735164
115,13,5.0,1115466821
115,25,3.0,1428342500
115,11,3.0,1016426335
115,2,4.5,1134490716
115,9,5.0,1559241286
115,21,2.0,1178095116
115,6,2.0,1010903699
115,15,4.0,1169075781
115,3,3.5,1378762215
115,16,4.5,1587554766
115,18,3.5,900931617
116,22,1.5,975268966
116,13,4.5,1479958795
116,9,3.5,1417614792
116,5,4.5,1030141431
116,11,1.5,1285385619
116,24,2.5,1258028166
116,19,3.0,1578897450
116,1,2.5,1594790862
116,17,4.5,1265139645
116,16,4.0,986389815
116,8,4.5,1211340750
117,7,2.0,1480413337
117,6,3.0,1382440008
117,18,2.5,917629000
117,2,4.0,945971754
117,13,3.5,1335410744
117,25,5.0,1461695439
117,10,4.5,1392171427
117,21,5.0,1476128415
117,4,3.0,1059937739
117,12,3.5,977345357
117,8,3.0,939597095
117,22,3.5,920468746
117,11,2.5,1405968226
117,15,4.5,1160578402
117,17,2.5,1596629113
117,3,4.0,953641985
117,1,4.0,1230000948
117,23,3.5,1556298806
117,9,3.0,1083276335
117,24,3.5,1014172256
117,5,3.0,1022599500
117,14,1.5,1136837948
117,16,3.5,967763965
117,19,4.0,1331653458
117,20,2.5,1248144622
118,22,3.5,1297206461
118,19,3.0,1494217027
118,18,4.0,1524902501
118,5,4.0,943700111
118,11,4.5,1578813798
118,7,5.0,1557604060
118,2,3.0,1422877347
118,6,4.0,986675240
118,21,4.0,995714674
118,3,3.5,1599817448
118,24,3.0,1411114497
118,25,3.0,1036249701
118,16,4.0,1461660243
119,14,5.0,1196810789
119,8,4.0,1060220977
119,6,3.5,1409396906
119,20,3.0,946295027
119,2,3.5,958011705
119,22,3.0,1366725127
119,23,3.0,1169919135
119,16,2.5,1386563564
119,3,5.0,946511793
119,10,4.0,1476986599
119,19,3.5,1088857880
119,7,3.5,1452873657
119,1,3.5,1024623936
119,9,4.0,1377622795
119,4,4.0,1536413935
119,11,2.5,1249701561
119,21,3.0,1147028515
119,12,3.5,1005295567
119,5,2.5,1154603902
119,17,3.5,1303224831
119,25,1.5,1136934839
119,24,4.5,958346438
119,18,4.0,1368006548
119,13,5.0,1388542730
120,13,5.0,1046567370
120,12,4.5,1349064417
120,5,4.0,1083826012
120,15,3.5,1216927261
120,7,3.0,1548149205
120,24,4.5,1556623287
120,9,5.0,1082466834
120,21,2.5,1146640965
120,11,3.0,992851105
120,23,2.5,1132403478
120,1,4.0,1535205122
120,20,2.5,915573397
120,10,3.5,1359680005
120,22,3.5,1251431346
120,16,3.0,1366271010
121,8,3.0,997420069
121,19,5.0,917104881
121,5,2.5,1393151190
121,24,3.5,1512441715
121,1,3.5,1388381587
121,14,3.5,1397959196
121,2,4.0,1335252390
121,22,1.5,1098583968
121,16,3.5,1398533805
121,18,2.5,1580110550
121,7,5.0,1313260967
121,9,3.5,1257455242
121,15,2.5,1189684139
121,25,3.5,1557668199
121,17,2.0,986929107
121,12,3.0,1566208705
121,10,4.5,958853584
121,4,2.5,1452694084
121,21,5.0,955364901
121,23,3.0,1019149420
121,13,2.5,943888484
121,20,4.5,1292529027
121,6,2.5,971947052
121,3,4.5,1502109541
121,11,3.5,1259628007
122,18,3.0,1270684221
122,4,2.5,1031758252
122,21,4.0,1404834590
122,16,3.0,1472149194
122,19,2.0,1213816461
122,7,2.5,970467095
122,8,4.0,1102243117
122,11,4.5,986082315
122,12,3.0,1319492143
122,9,4.0,982621546
122,22,3.0,1017429693
122,25,3.5,1058864445
122,20,4.0,1432928920
122,5,4.0,1573532691
122,1,4.0,924363495
122,2,3.0,1481361352
122,6,5.0,1041763305
123,12,4.0,1179180880
123,14,3.0,1143505251
123,15,1.0,950808323
123,21,4.0,1059277073
123,1,3.0,1078630985
123,10,4.5,1564249151
123,7,5.0,1206281188
123,3,3.0,1095722203
123,22,5.0,1064803049
123,8,3.0,1073145929
123,24,3.5,1239974407
123,9,4.0,1516891706
123,11,4.0,1098101702
123,6,4.0,1120283891
123,19,3.5,1240315774
123,20,3.5,1269202923
123,25,4.0,1074587852
123,23,4.5,1472994767
123,4,3.0,1334395495
123,5,5.0,1436244827
123,16,4.0,1243831389
123,13,1.0,1067560926
123,2,5.0,1444826299
123,18,3.5,1255709881
123,17,3.0,1211199562
124,22,3.0,1110148111
124,5,4.5,1378306974
124,19,3.5,993820269
124,15,4.5,1426633172
124,11,3.5,1241189853
124,4,2.5,960180666
124,16,3.0,1287690454
124,2,2.0,1359175471
124,24,4.5,1296887155
124,20,3.5,1270355261
124,17,3.5,1277264595
124,1,3.0,1502404613
124,7,4.5,994058316
124,10,4.0,1346257594
124,23,5.0,1375135446
124,8,3.0,1355086354
124,6,5.0,1344737192
124,18,4.5,992425524
124,3,4.5,1054231505
124,14,4.0,1464037702
124,25,4.5,1260150990
124,12,5.0,1303482553
124,13,4.5,994970622
124,9,5.0,1193484627
124,21,3.5,1345081036
125,18,2.0,1141076755
125,15,3.5,928819242
125,23,3.5,1222304445
125,19,3.0,1587790914
125,5,4.0,1208903747
125,7,2.5,1347918677
125,6,4.5,1592333529
125,13,5.0,1162798598
125,10,5.0,1429408646
125,16,4.0,971645238
125,1,2.5,1415917815
125,14,3.0,1507281088
125,21,3.0,1411144821
125,17,4.0,1028402006
125,25,2.5,918838880
126,6,4.5,1468666911
126,19,3.0,1108107088
126,2,3.0,1574342024
126,5,3.5,1079460824
126,11,4.0,1483806675
126,15,3.0,1223273934
126,22,4.5,1191476850
126,12,3.0,1002900339
126,25,2.0,1473829455
126,23,2.0,913848767
126,24,2.5,1047048346
126,17,2.5,1420656360
126,7,3.5,1342375728
126,21,2.5,1009970339
126,14,5.0,1133942807
126,1,4.0,1102310976
126,20,4.0,1499851464
126,9,2.0,1464415423
127,23,2.5,1038206116
127,18,4.0,1143282447
127,25,3.0,1230098648
127,4,4.0,984401435
127,14,4.0,1356130975
127,15,3.0,983467647
127,3,2.0,920193226
127,22,4.0,945652216
127,5,2.0,1110830273
127,1,5.0,1451344082
127,8,4.5,1536918066
127,6,4.0,1171670077
127,17,3.5,946473159
127,12,5.0,1003619948
127,21,4.0,1032922317
127,19,4.0,1114774593
127,20,3.0,1098407974
127,11,3.5,1056290615
127,2,3.5,1197829845
127,9,4.5,1072397121
127,10,3.0,1437552108
127,16,4.0,1442142157
127,13,2.0,1512285553
127,24,5.0,915015536
127,7,4.5,1467836278
128,23,4.0,1307608561
128,7,4.5,1355365152
128,10,3.5,1021166907
128,6,4.0,1237455876
128,18,4.0,1045934792
128,1,4.0,1432378393
128,4,3.5,1498216060
128,24,2.0,943603113
128,17,4.5,1313155580
128,16,4.0,1204525471
128,22,2.0,1376693984
128,12,4.0,1142529746
128,25,2.5,1359520342
128,3,3.0,1102706330
128,8,5.0,1410754070
128,2,2.0,1294537192
129,1,5.0,1081165175
129,22,3.5,969482279
129,16,3.0,1115031290
129,24,4.0,1538834325
129,4,4.0,1150041868
129,13,2.5,1356022667
129,15,3.5,1524830363
129,17,2.5,1537426805
129,3,3.0,1591308459
129,21,5.0,1329749624
129,18,2.5,1334268004
129,7,4.5,1420263193
129,14,3.0,1388160337
129,12,3.5,1016003492
129,10,4.5,1147843014
130,5,4.5,1442019241
130,1,3.5,1480388580
130,4,4.5,1486928797
130,2,5.0,1362145358
130,3,3.5,1027919275
130,16,3.0,1304088307
130,24,4.0,1375191040
130,6,3.0,1497716156
130,13,3.5,1225391629
130,11,4.0,1362440328
130,21,3.0,1044405651
130,25,3.0,1017448021
130,10,4.5,1510803644
130,17,3.0,1479168164
130,22,2.0,1514406057
130,20,2.0,1067837613
130,9,3.5,1444048929
130,8,4.0,1534629857
130,7,4.0,1305657194
130,23,3.0,1205412480
130,12,3.0,1244115773
130,15,4.5,1037651619
130,18,4.0,1293429840
130,14,2.5,928883480
130,19,5.0,1571252921
131,13,4.5,1394897685
131,4,3.5,1353626970
131,14,1.5,1186279849
131,12,2.5,921906773
131,22,3.0,1239854673
131,23,2.0,1305592654
131,21,2.5,1004932137
131,2,3.0,1424371079
131,8,4.5,1260742313
131,17,4.5,1433361273
131,24,2.0,1264577685
131,11,3.5,1078914614
131,5,3.0,1368141917
131,10,3.0,1116636672
131,18,1.5,980875500
131,20,3.5,1475347404
131,25,3.5,1219245200
131,19,4.5,1515813155
131,3,3.0,998738972
131,16,4.0,1520830274
132,19,4.0,1222024863
132,11,2.5,1364834095
132,9,3.0,1344866541
132,3,3.0,1331967365
132,25,3.5,1487940745
132,17,4.5,1093918682
132,16,4.5,1454291422
132,14,2.5,1100294656
132,7,3.0,1401754527
132,12,3.0,1187694035
132,13,4.5,1559730914
132,2,3.0,1365708117
132,24,5.0,964297440
133,7,3.0,1061020740
133,12,4.0,1233440399
133,15,4.0,1398387685
133,5,0.5,1353139585
133,8,4.0,1594627259
133,22,4.0,1192822240
133,10,3.0,1046491273
133,14,5.0,1198255403
133,18,4.0,1491316191
133,11,4.5,1421668838
133,17,5.0,921376851
133,23,5.0,1237052680
133,2,4.0,1545962806
133,16,3.5,1337020273
133,4,4.0,1290234548
133,25,2.5,1326162812
133,20,1.5,1050925319
133,9,3.5,1437137765
133,6,5.0,1029539022
133,13,1.5,1463993780
133,3,3.0,1170376840
133,19,3.0,1544053238
133,24,3.5,1031293747
133,1,3.5,1527415497
133,21,2.5,1318706339
134,14,3.0,1164512739
134,7,4.5,1198214359
134,5,5.0,1289766149
134,4,2.0,1410265498
134,6,3.0,922628256
134,24,1.5,1592990377
134,9,5.0,958703982
134,15,3.0,1157349965
134,25,3.5,1586066323
134,19,4.5,1289612690
134,17,4.5,1474355978
134,10,2.5,1153813127
134,1,4.0,1321954302
134,8,2.5,1174377213
134,16,3.0,1152823740
134,21,5.0,1219355409
134,2,4.0,1371207136
135,11,5.0,1588668793
135,21,2.5,1588374606
135,14,2.5,1046127912
135,2,4.0,1228079168
135,9,3.5,1236856223
135,3,3.0,1168009789
135,16,3.5,1454443651
135,19,3.0,1597052321
135,23,2.0,1039686242
135,25,4.5,1242952206
135,12,2.5,1384783589
135,7,2.0,1179902891
135,22,3.5,1086271681
135,20,3.0,1202577583
135,5,2.0,1113313546
135,24,4.5,1322511155
135,13,4.0,1305144293
135,6,5.0,1141041227
135,4,3.0,922263644
135,18,5.0,1594825515
135,8,3.0,1557133384
135,15,2.0,1396524942
135,10,2.0,1112886716
135,1,3.5,953454051
135,17,5.0,1330607955
136,14,4.5,1203833764
136,20,2.5,1103327154
136,9,2.5,1056704945
136,5,4.0,930894901
136,3,3.5,1563229105
136,12,4.5,1384232533
136,6,4.5,1594963903
136,4,3.0,1391949970
136,1,4.5,1247082726
136,25,4.0,1326871122
136,13,3.0,1354505193
136,8,2.0,1541234259
136,11,3.5,963084820
136,16,4.0,955955489
136,2,3.0,1280428530
136,18,4.0,1551089619
136,10,5.0,1542346790
136,23,2.5,948868001
136,7,4.5,1309028714
136,21,3.5,1224814794
136,19,5.0,1041989740
136,24,3.5,1500823397
136,15,4.0,1082392760
136,17,3.5,1440893920
136,22,2.5,1402602298
137,3,3.5,1287182935
137,11,4.0,1182626443
137,23,3.0,1558130257
137,17,4.5,1455095194
137,14,1.5,1236092271
137,5,3.0,1427502276
137,9,3.5,1062419285
137,4,1.5,1583600081
137,24,2.5,1372435232
137,2,4.0,1146810881
137,25,3.5,1096646498
137,8,4.5,1401580067
137,20,3.5,1368613005
137,12,5.0,1431406400
138,15,5.0,1000478487
138,12,3.5,1080705383
138,23,4.5,1446253010
138,18,4.0,1528866327
138,16,2.5,1128058634
138,25,1.0,1464804742
138,21,2.0,1512878747
138,4,4.5,1164309534
138,5,5.0,1434842369
138,22,2.5,927876667
138,6,1.5,1205244667
139,13,3.5,947080354
139,12,3.5,1568259174
139,19,4.5,1511129217
139,4,3.0,1038856506
139,11,3.5,1591107513
139,5,4.0,1203819555
139,1,3.5,975939412
139,3,4.0,1487504515
139,15,4.5,1328271054
139,16,3.0,1173980159
139,8,4.5,1328334149
139,21,5.0,995765217
139,20,4.0,1317151813
140,10,3.5,996875511
140,21,3.5,1559135517
140,24,1.5,1100098048
140,5,2.5,943420070
140,4,4.0,1451196193
140,25,3.0,1140765354
140,16,4.5,1595366600
140,14,3.5,1431848216
140,20,3.0,1466161206
140,22,2.5,1212139994
140,6,2.5,1402746506
140,11,1.5,1412831297
140,2,4.5,1222544807
140,15,4.0,1222561333
140,9,4.0,1166989670
140,23,2.5,951247840
140,8,3.5,1491625661
140,18,4.0,1015569160
140,17,3.5,1448307963
140,7,3.0,1510398824
140,3,3.5,1172065061
140,12,2.5,1440569491
141,4,4.5,1219596584
141,24,3.0,1383127884
141,22,5.0,1569811308
141,15,4.0,1100995596
141,6,2.5,1126632940
141,21,4.0,1548596832
141,13,5.0,1178440227
141,2,4.0,1473781871
141,3,3.0,919236325
141,14,4.0,1084399429
142,16,3.5,1367924311
142,15,4.5,1478298594
142,23,2.0,1104992835
142,13,5.0,1059091651
142,20,4.5,1408941911
142,25,3.0,1063662130
142,10,3.5,1378100665
142,12,4.5,1382664425
142,22,3.0,1528381921
142,19,3.5,1320620533
142,2,4.5,954677276
142,3,3.5,1363628778
142,14,4.0,1346339338
142,1,4.5,1539777846
142,4,2.0,1495179948
142,24,4.0,1329153534
142,18,3.5,1421946930
142,11,2.0,1423880242
142,7,3.5,1149006937
142,9,3.0,1353123931
142,21,2.5,1518908388
142,8,3.5,1596107135
142,17,4.0,1347897930
142,6,4.0,1568615479
142,5,3.0,1593830293
143,15,5.0,1286821471
143,23,3.0,1407154936
143,14,4.0,1567698175
143,1,1.5,1122488532
143,6,3.0,1418498938
143,10,5.0,1038616374
143,7,4.0,1428480415
143,16,4.0,1008344550
143,12,4.0,1430133267
143,25,1.0,1226043743
143,4,3.5,919467577
143,9,5.0,1285244337
143,18,4.0,1070301326
143,20,3.0,1087598577
143,11,4.5,934327534
143,21,1.5,968360404
143,8,3.0,1143406810
143,3,4.0,1029587788
143,24,2.5,1265420342
143,17,3.0,1281437091
143,13,3.5,1498098197
144,5,2.0,1079364596
144,23,2.0,1288306318
144,17,2.0,1068612410
144,20,3.5,1443202356
144,4,2.0,1435143260
144,2,3.5,1594810784
144,15,3.0,1290559533
144,19,3.0,1116778095
144,21,4.0,1371489117
144,24,5.0,907073358
144,13,3.0,1163406114
144,10,4.0,1207904380
144,14,2.5,1442264030
144,22,4.0,1345612096
144,9,4.0,1287237904
144,1,3.0,1468707653
144,11,3.0,1352820774
144,12,3.5,1360445025
145,14,3.0,1458107760
145,15,4.5,1494434667
145,17,3.5,1226764359
145,22,3.5,1269536155
145,12,2.5,908484954
145,1,4.5,1555413145
145,24,1.5,1057691669
145,5,3.0,1120260494
145,20,2.5,1484572202
145,3,2.5,1374748306
145,2,2.5,1270710020
145,6,5.0,1334334693
145,25,2.5,1111844701
145,7,4.0,1477064820
145,16,3.0,1259159045
145,21,2.5,1035297531
145,23,4.5,1458850084
145,10,4.5,999664255
145,8,3.5,1449403202
145,9,2.5,1582562119
145,19,3.0,1071828050
145,13,5.0,1479748258
145,11,4.0,1536195900
146,8,1.0,1524481610
146,10,4.5,1507305392
146,14,3.0,1472614329
146,17,1.0,1539465782
146,4,3.5,1515002525
146,2,4.5,1050293240
146,12,3.0,1165894267
146,9,2.5,1012986551
146,22,3.0,1287908062
146,19,4.5,1387811213
146,20,5.0,1342438495
146,1,4.5,987990100
146,13,4.5,1039654428
146,11,4.0,1411372846
146,15,3.5,1465062651
146,25,4.0,1332453497
146,5,2.5,1323894453
146,23,3.0,1183138961
147,16,2.5,1029779337
147,21,3.0,1296839906
147,14,3.0,1064609469
147,15,3.5,1026424741
147,25,1.5,1225623035
147,23,5.0,1215660014
147,6,1.5,1052621455
147,5,3.5,1533104213
147,17,1.5,1227667311
147,18,4.5,1204386805
147,8,4.0,1424838194
147,12,5.0,902239566
147,22,4.0,947977445
147,3,4.0,1348367904
147,9,2.5,1385733343
147,11,3.5,1262734944
147,2,3.5,1550375849
147,4,2.5,1042603228
147,13,3.5,1394926438
147,7,2.5,1383108000
147,1,3.0,1249198328
147,10,3.0,995901227
147,20,4.0,1339835071
147,19,2.0,1315790548
147,24,3.5,1480888371
148,22,4.5,1564328419
148,15,2.0,1512295241
148,9,3.0,1460228870
148,21,4.0,920040394
148,3,4.5,1029153072
148,6,3.0,920372732
148,1,2.5,1195238760
148,10,3.5,1522290025
148,4,3.0,1376987762
148,25,4.5,1244060339
148,17,4.0,1331427170
149,2,3.5,1249278231
149,16,3.0,1094838874
149,1,4.0,1318694576
149,11,3.5,1006025798
149,14,3.0,1248126205
149,6,4.5,1176954836
149,21,2.0,1029886539
149,23,5.0,955703707
149,17,4.0,1529243930
149,22,5.0,1153930401
149,7,2.0,1313442871
149,5,3.5,1023567680
149,25,3.5,1493909246
149,13,4.5,1337095027
149,12,3.5,1580259788
149,9,3.5,1150976897
149,3,3.5,1494933780
149,19,3.5,1529398143
149,24,3.0,1495612588
149,15,3.0,1599597461
149,10,3.5,1336740105
149,18,2.5,1378869802
149,4,4.5,1118460189
149,20,4.0,1052865437
149,8,1.5,1163240138
150,14,5.0,996330859
150,18,3.0,1049948332
150,15,4.0,1497514863
150,2,5.0,1126398655
150,1,3.5,1555460660
150,23,1.5,1267901802
150,10,3.5,1582008471
150,6,3.5,1386102339
150,21,5.0,1193145630
150,22,3.5,1266822211
150,20,5.0,1126155683
150,8,2.0,917045236
150,5,4.0,1043586927
150,19,3.5,1411669068
150,13,3.5,904594803
150,7,4.5,1343630426
150,24,2.5,1496775664
150,4,4.5,1321756208
150,11,2.5,1477814249
150,12,5.0,1599292052
150,3,4.5,983239809
150,17,1.5,1378004919
150,25,3.0,1032516483
150,9,2.5,1545652639
150,16,5.0,1284362791
151,6,3.5,1289767404
151,23,4.5,939509449
151,1,3.0,1550716503
151,4,5.0,1124504731
151,15,5.0,1585515551
151,12,3.5,1325294302
151,7,4.0,1437220565
151,21,4.0,1430440618
151,24,4.0,1507423317
151,8,4.0,1547436843
151,20,3.0,1037703513
151,17,3.5,969846182
151,13,5.0,1144775738
151,5,5.0,1461652825
151,11,3.5,924822227
151,25,2.5,1472241594
151,22,2.5,1387399464
151,2,2.5,902099126
151,19,5.0,1597964448
151,18,3.0,955687254
151,3,4.0,1336879666
151,16,3.0,1194243484
152,22,3.5,1108958898
152,17,3.5,1259387638
152,15,4.5,927242908
152,16,4.0,1142266216
152,12,4.5,979929734
152,24,3.5,1168418452
152,2,4.0,967478361
152,8,4.5,1572156679
152,19,3.5,1363801642
152,9,3.5,925795071
152,23,2.5,1258954609
152,7,2.5,1168875123
152,25,3.5,1265933326
153,11,4.5,965162109
153,17,4.5,969823516
153,8,3.0,1036940518
153,3,5.0,958829061
153,20,4.0,1223702101
153,21,2.5,1009336534
153,15,3.0,959904013
153,4,2.5,1309584709
153,19,3.0,1331303909
153,18,5.0,1150302083
153,2,4.5,1543789670
154,1,2.0,1377411727
154,15,4.5,1099633740
154,13,3.5,964951915
154,24,5.0,1037096167
154,14,3.0,1599762892
154,20,4.5,1284124308
154,4,2.5,1056363319
154,11,5.0,1058279275
154,25,2.0,1212527533
154,22,4.0,1296028184
154,9,4.5,1055263481
154,6,3.5,961544356
154,10,3.5,1500704768
154,19,5.0,958634129
154,2,3.0,1115147688
154,18,4.0,1587790466
154,17,5.0,1266738585
154,23,2.5,1103318997
154,5,2.5,1401869492
154,8,2.0,1543989866
154,7,3.0,1507841924
154,21,1.5,1260412697
154,3,2.5,1074246814
154,12,3.0,1012579573
154,16,2.0,945303473
155,8,4.0,1212003832
155,1,2.0,1286449601
155,21,4.0,947142443
155,25,4.0,1205051006
155,22,3.5,1086988502
155,15,3.5,1087136578
155,7,4.5,1264876250
155,23,4.0,1110440043
155,16,3.0,923076889
155,11,4.0,1008652175
155,13,4.0,922541876
155,12,4.0,1019152069
155,19,3.0,1263336272
155,4,4.5,1157859027
155,20,3.0,1296898624
155,3,4.0,1465783275
155,24,2.0,1569159960
155,6,5.0,970198580
155,9,2.0,1027231238
155,17,5.0,1103625615
155,10,5.0,1105816222
155,18,2.0,1241397938
155,5,3.0,1543761010
155,14,2.0,949601706
155,2,4.0,1561455036
156,7,3.0,1418936257
156,18,4.5,1431278888
156,10,2.0,1585160666
156,5,3.5,1527046567
156,11,3.0,1117970120
156,8,3.0,1385417273
156,2,4.0,1228563967
156,9,2.5,1356364808
156,22,4.5,1301694717
156,16,2.5,1173298690
156,4,3.0,990224542
156,12,3.5,1216805398
156,19,2.5,1527024665
156,20,4.0,944176873
156,21,2.0,1357523905
156,23,4.0,1384419915
156,13,2.5,1434232794
156,3,3.5,1240398089
156,17,3.5,1374259410
156,15,3.5,1151030533
156,25,3.5,988496207
156,14,4.0,1216236101
156,24,4.0,1591118651
156,6,2.5,983922596
156,1,4.0,1005665981
157,3,1.5,1194704072
157,12,4.0,1048031551
157,2,5.0,1483176704
157,18,3.5,1221557922
157,7,3.5,1202629052
157,11,4.5,1333588911
157,21,2.0,1335679851
157,20,4.0,912767564
157,9,2.0,1406810427
157,10,2.0,1060289403
157,24,1.0,1326818051
157,14,3.5,1125351588
157,13,5.0,1409424194
158,17,4.0,1037810085
158,19,3.5,1228105366
158,18,3.5,1280815903
158,15,3.5,1264881354
158,22,3.5,1333113857
158,11,4.5,1477247910
158,3,3.0,1509431623
158,20,5.0,934584137
158,7,4.0,1254603800
158,14,3.0,1510090318
158,13,2.5,1552660297
158,12,2.5,1516197593
158,25,5.0,1119263036
158,4,1.5,1319442371
158,8,4.5,1409788629
158,23,4.0,1016649547
158,9,2.5,1586124569
159,3,5.0,961689886
159,6,3.5,1250868832
159,4,3.5,1341158894
159,22,1.0,1038660514
159,18,5.0,1476012047
159,24,2.0,1317677937
159,2,4.5,1121705882
159,16,4.0,1364071937
159,1,4.0,1409791168
159,20,4.0,1233196834
159,23,4.5,1530814687
159,19,4.0,1392800720
159,7,5.0,1195752497
159,5,4.5,1378600641
159,15,5.0,968687310
159,11,4.0,1165042564
159,12,2.5,1464634125
159,14,3.0,1427162809
159,10,4.5,1394140885
160,19,3.5,1193965039
160,2,5.0,1574399203
160,3,2.0,971665678
160,10,3.0,1133275639
160,21,4.5,1493590140
160,15,3.0,1030170389
160,12,4.0,1012984008
160,22,3.5,1441589839
160,13,3.5,1384188831
160,6,2.5,1076994644
160,7,3.5,1396248563
160,4,4.5,928688105
160,23,5.0,1395965611
160,18,4.0,1309262673
160,20,3.0,1108739262
160,8,4.5,1325925819
160,11,4.0,1046544896
160,17,3.5,1251232074
160,16,3.0,1395378308
160,5,2.5,973269109
160,1,5.0,1370002192
160,14,4.0,1050598472
160,25,2.5,1073265999
160,9,3.5,1083168644
161,20,3.0,1284492979
161,4,3.0,1091061870
161,6,3.5,1471551491
161,10,4.0,1132107009
161,24,3.0,1581601011
161,18,3.5,1461432181
161,13,2.5,1010373455
161,23,2.5,1319423299
161,3,3.0,1542318110
161,1,2.5,905009792
162,25,4.5,1106321443
162,13,3.5,967829864
162,7,4.0,1080262874
162,8,5.0,1079365626
162,12,4.5,1251265476
162,22,4.0,1246474552
162,23,3.0,1122392664
162,3,3.5,1481648793
162,1,2.5,1149546342
162,14,4.0,1129544518
162,17,4.0,916100303
163,21,4.0,1170518677
163,11,5.0,1577395712
163,1,3.0,1317218963
163,13,2.5,1042734041
163,7,1.0,1256532271
163,15,4.5,1241414434
163,8,5.0,1417683557
163,3,3.5,1528178604
163,9,3.5,1382015123
163,12,2.5,1149564952
163,23,4.5,1440543154
163,2,1.0,1149758689
163,4,2.0,922777694
163,25,2.0,1231623688
163,5,2.0,1153828616
163,10,3.5,1565468920
163,19,2.0,985243980
163,14,4.5,1218487640
163,6,4.0,1116908504
163,24,4.0,940702031
163,16,4.0,1155619239
163,17,4.5,1376447381
164,5,3.0,1138847484
164,9,2.5,1245355094
164,11,3.0,1097080451
164,21,3.5,1427896893
164,2,3.5,975145733
164,17,4.0,1051968832
164,14,3.5,1119279570
164,10,4.0,1489320084
164,1,4.0,1119444197
164,8,3.5,1401517159
164,19,4.0,1234430817
164,12,4.0,1355284547
164,6,4.0,1089446179
164,13,3.0,1518928228
164,4,3.0,1381327523
164,23,4.0,1416653113
164,24,3.5,985916488
164,20,4.5,1305571070
164,15,3.0,1080137414
164,22,2.5,1554332056
165,25,3.5,1066134114
165,5,3.5,1437622321
165,16,3.5,1301856264
165,1,1.0,1323751880
165,13,3.5,1300661283
165,14,3.0,1531691986
165,3,4.0,976487306
165,10,3.5,1033656706
165,24,3.5,1313203779
165,6,4.0,1368471344
165,17,3.5,1174081636
165,7,3.5,1274283516
165,8,2.0,1447187810
165,15,3.0,1295330845
165,21,2.0,961959861
165,12,2.0,1164990693
165,20,1.5,1160224411
165,11,1.5,1288065635
165,22,4.0,1577480312
165,19,3.5,1592921609
165,2,3.5,1058789539
165,4,3.5,1058234528
165,9,4.5,1173039702
166,20,2.5,1311016138
166,19,3.5,1529298362
166,22,3.0,995427130
166,6,4.5,1017332137
166,1,2.5,1269788966
166,4,2.0,1053237432
166,3,3.5,1327317270
166,13,4.0,1230820228
166,18,4.0,1427983834
166,24,3.5,901694991
166,9,5.0,1348651862
166,25,4.5,1463673646
166,7,3.0,1362728604
166,16,4.0,1083217137
166,17,4.0,1044237954
166,5,4.0,1112622922
166,10,2.5,1018367418
167,19,3.5,1528833035
167,7,3.5,1008242992
167,6,4.5,910207613
167,24,5.0,907759564
167,2,4.0,1525396032
167,23,3.5,1126632925
167,22,3.0,1460852445
167,9,4.0,1458425333
167,14,2.5,1185439015
167,15,4.5,1261883170
167,11,3.0,1548939011
167,10,2.5,1268376600
167,21,4.0,1238468976
167,16,4.5,1327855355
167,3,1.5,1306342236
167,13,1.5,1254608877
167,5,2.0,1007564624
167,17,5.0,1331438437
167,4,3.5,1049103044
167,1,4.0,1469758914
167,12,3.5,1200075968
167,20,5.0,1166865257
167,8,3.0,1295598590
167,25,2.0,1410241500
168,14,4.0,1458404186
168,22,4.5,1441849446
168,7,2.5,934086739
168,1,4.5,1223570275
168,21,5.0,1489212238
168,11,4.5,1379196694
168,24,3.5,1024208992
168,12,2.5,1161301518
168,2,3.5,1127247605
168,20,4.5,996026681
168,16,5.0,1013247207
168,8,2.0,1072051317
168,4,4.0,1250577559
168,10,5.0,1136626964
168,25,2.5,1176626542
168,23,2.5,1032175587
168,17,1.5,1045767354
168,6,5.0,1428236720
168,13,3.0,997111094
168,18,4.0,1140310093
168,19,2.5,1518445315
168,15,3.5,1591475283
168,9,2.0,1268535879
168,5,2.5,1309794108
168,3,4.5,1589451985
169,14,5.0,1243214044
169,8,1.0,1291941366
169,24,4.0,1035621499
169,9,1.5,1458078796
169,4,3.0,1014445764
169,10,2.5,1324463440
169,3,5.0,1239223200
169,21,3.5,1055371286
169,19,4.0,1135046637
169,11,2.5,1436691235
169,12,3.5,1204290729
169,20,3.0,1056627467
169,18,3.5,936876440
169,15,1.5,1543042838
169,2,3.0,1032568472
169,25,4.5,1193617431
169,6,5.0,1413552190
169,17,3.5,1577613840
169,7,4.0,1304487813
169,23,2.5,963149529
169,13,4.5,1126144079
169,1,3.5,1141668930
169,16,3.5,1092221507
169,5,3.0,1423454129
169,22,3.5,1070932417
170,18,2.5,1203186123
170,13,3.5,1488421294
170,11,3.0,1322809954
170,14,4.0,1523182231
170,16,4.0,958114453
170,12,4.5,1391271783
170,24,2.0,1075765597
170,19,2.5,1418017848
170,3,3.0,1212546455
170,10,4.0,1110083024
171,1,3.0,1325894109
171,12,2.0,1085206511
171,19,3.5,1303052229
171,4,4.0,996219239
171,5,0.5,1397865920
171,13,4.5,1195510969
171,14,2.5,1578962940
171,6,3.0,1028849432
171,2,2.5,1025227973
171,22,4.5,1447338284
171,18,4.0,1141522162
171,8,5.0,1514857387
171,3,3.5,1414857449
171,25,3.5,1536598991
171,17,5.0,1094450987
171,9,0.5,1365635101
171,15,5.0,1220365200
171,7,3.0,968180783
171,11,3.5,1477148114
171,10,4.0,921202520
171,16,5.0,1322835822
171,23,2.5,1469177290
171,24,3.0,1424590810
171,20,5.0,1478727283
171,21,4.0,1599758257
172,25,2.0,994297000
172,7,3.0,1503975707
172,22,3.5,990849645
172,4,5.0,1033913984
172,6,2.5,1484574207
172,20,3.5,1084257535
172,21,1.5,900091879
172,1,4.5,1166649918
172,15,2.5,1457747746
172,11,5.0,1215032444
172,2,3.0,1519625768
172,18,2.5,1426608970
172,3,3.0,1278082887
173,18,2.5,1309935637
173,17,3.0,1389699023
173,7,3.0,989393380
173,4,5.0,1053807016
173,2,3.0,1475422885
173,8,4.0,1189265706
173,21,5.0,1579807255
173,23,3.5,1299584709
173,5,3.0,1505206157
173,10,2.5,1549554418
173,14,2.0,1076139909
173,15,3.0,1365603585
173,22,4.0,1306885773
173,3,5.0,983241401
173,16,3.5,1190044760
173,9,4.0,1488806503
173,13,4.0,1336778058
173,6,5.0,1289574448
173,12,4.0,1258111525
173,19,3.5,1142413830
173,24,3.0,1193826004
173,11,4.5,1138612895
173,1,3.5,1306553391
173,20,5.0,1032610867
173,25,3.0,1088690127
174,24,4.5,1187086253
174,10,4.5,956762956
174,19,4.5,1297446283
174,16,3.0,1167481569
174,4,3.0,1391544608
174,17,2.5,1096606987
174,12,2.5,1403226095
174,25,4.0,1439264550
174,9,3.0,1458984263
174,21,5.0,1145633587
174,15,3.0,1228201538
174,1,5.0,1336491927
174,3,3.5,1581478902
174,6,1.5,985335495
174,7,4.0,1000538326
174,13,4.0,1077288866
174,23,3.0,1206930025
174,11,3.5,1495024527
174,22,5.0,911483320
174,5,2.5,1355248944
174,2,2.5,1046488860
174,18,1.5,1415026653
174,14,2.0,1471670179
174,8,3.5,1033886571
174,20,2.5,907827850
175,23,4.5,1262880277
175,18,4.0,1478875280
175,12,3.0,1026557010
175,8,3.0,1184273996
175,17,4.5,1128777818
175,20,5.0,1322647841
175,2,3.5,1133499326
175,15,5.0,1590387684
175,6,2.5,1453545056
175,22,3.5,1397203646
175,3,3.5,1563302601
175,19,3.5,906325523
175,21,3.0,1560920570
175,24,2.5,1015066535
175,9,3.5,905534508
175,13,2.5,1331717324
175,1,5.0,1280676189
175,7,4.5,1112111726
175,4,3.5,990992937
175,16,1.5,1341006226
175,14,3.0,1032975024
175,25,3.5,1168580150
175,11,3.5,1142767911
176,13,4.0,1255637797
176,12,4.5,933937268
176,10,4.0,1414639071
176,24,4.0,1185400169
176,14,4.5,1432111648
176,6,4.5,1036831207
176,18,2.5,1329363615
176,9,5.0,1438866546
176,4,3.5,1317522908
176,15,2.0,1041108650
176,11,4.0,922712010
176,21,4.0,1035424162
176,8,4.0,1153945243
176,3,4.5,955877346
176,22,3.0,1541117091
176,20,2.5,908620954
176,7,2.5,1421762558
176,1,4.0,988707067
176,16,3.5,1063741036
176,23,2.5,1448939598
176,2,4.0,1023501774
176,25,4.0,1182963966
176,17,4.5,1360805888
176,5,3.5,1113043758
176,19,2.0,1010665085
177,20,4.0,1138129347
177,6,3.0,1447461968
177,7,4.5,1358565952
177,19,3.0,1189100789
177,21,3.0,1290386919
177,5,3.5,1348903755
177,8,4.5,1165180555
177,4,3.5,943904371
177,25,4.0,900575452
177,13,5.0,1127609166
177,1,4.0,1206356763
177,17,1.5,1008192050
177,18,4.0,1362683433
177,3,4.5,1290392385
177,23,5.0,1258932723
177,15,3.5,914669009
177,16,4.0,1492456620
177,2,3.5,1287157696
177,11,3.0,1288034147
177,10,3.5,1549306508
177,9,2.0,1298994177
177,14,3.5,1527416570
177,12,4.5,1312369856
177,22,4.0,1575983431
177,24,3.5,1546215549
178,2,4.0,947041818
178,19,5.0,1037258508
178,21,4.0,1171147197
178,7,4.5,1501666987
178,22,5.0,1381554115
178,15,3.0,1576312005
178,4,3.0,972701447
178,3,1.5,1418424689
178,11,1.5,1441025679
178,10,4.5,923487997
178,12,4.0,1038442086
178,8,4.0,1211016150
178,13,4.5,1104215938
179,16,4.0,1440970200
179,22,3.0,1225784189
179,18,2.5,1136584331
179,17,3.5,1027886302
179,3,4.5,1083726992
179,6,3.5,1213364355
179,15,4.5,941973293
179,24,2.0,1198238769
179,13,1.5,1042776948
179,23,3.5,1589785833
179,7,5.0,1167370380
179,10,4.0,1024752527
179,5,3.5,901503196
179,4,2.5,1296329017
179,21,2.5,1248495661
179,1,5.0,1489779617
179,11,4.5,1183508835
179,12,3.5,1556573836
179,25,2.5,1216641463
179,20,3.5,911175709
179,14,4.0,1281697128
179,8,4.0,1089768018
180,1,5.0,1148810825
180,18,3.5,1059272622
180,22,2.5,1414329730
180,19,4.0,1098672324
180,4,4.0,1089097266
180,13,4.0,1093710153
180,9,4.5,1595316843
180,24,3.5,1090840712
180,7,4.5,1323266164
180,15,3.5,1054105962
180,21,3.0,977361692
180,6,2.5,1592690988
180,5,4.0,1332185699
180,16,4.5,912657836
180,10,4.0,1547781482
180,17,4.5,1018149731
180,3,4.0,914551414
180,8,3.5,946965512
181,8,2.0,1049497180
181,3,2.0,1377091621
181,9,3.5,1075175014
181,5,3.0,1161787772
181,21,4.5,959995868
181,20,2.5,1483699916
181,1,3.5,1032151333
181,19,4.0,1484805001
181,4,3.5,1218620529
181,11,5.0,1345908525
181,14,5.0,1052294200
181,12,4.0,1143390582
181,2,3.5,1358633176
181,17,3.0,1207998770
182,22,4.0,946543311
182,13,3.0,1469599249
182,25,3.0,1259536072
182,4,2.5,1061297535
182,16,2.5,1223801630
182,6,3.0,1011586005
182,23,3.0,1191084190
182,8,5.0,1184972125
182,19,3.0,982001118
182,10,4.0,1059604146
182,20,1.5,1057398836
182,2,3.0,1413712459
182,21,4.5,972277467
182,15,4.5,1199011485
182,14,4.0,1055335893
182,12,5.0,1095283935
182,11,5.0,1313409285
183,11,3.0,1135508075
183,16,2.5,993684208
183,14,3.5,918419668
183,24,3.5,1289122363
183,23,1.0,1018279447
183,20,2.5,963970728
183,25,4.5,1049625145
183,5,3.0,1216428807
183,8,1.5,1492169029
183,13,4.0,1352127953
183,7,3.5,959985299
183,9,5.0,1047963035
183,17,4.5,1053627307
183,21,4.5,1305295431
183,12,3.5,1356027541
183,22,2.0,1299092905
183,19,4.0,1524495847
183,4,3.5,979210250
183,10,2.0,1069837180
183,1,3.5,932411682
183,18,4.0,1163115935
184,1,4.0,1262212833
184,19,2.0,914183509
184,14,4.0,1207915944
184,5,4.0,1589830038
184,6,3.5,934487626
184,16,3.0,1072173204
184,22,3.0,911668973
184,17,2.5,1387797163
184,10,4.0,1495020389
184,20,3.5,1514250258
184,7,2.5,1438881430
184,12,3.5,1068363403
185,3,4.0,1589225036
185,17,2.5,958703244
185,13,4.0,1298871608
185,5,3.0,1016394564
185,7,3.0,1012098712
185,23,4.5,1260209952
185,2,4.0,930117239
185,8,3.5,1014315434
185,20,4.0,970135921
185,6,3.5,1231915198
185,14,3.5,1101588378
185,12,2.0,934753576
185,9,3.0,1158057908
185,10,3.0,1506445962
185,19,5.0,948183665
185,18,2.0,949049185
185,15,3.0,951592119
185,16,2.5,909103960
186,25,5.0,1529597320
186,10,3.5,1073111886
186,13,3.5,1062712486
186,17,3.5,1572111616
186,7,3.0,1000170301
186,11,4.0,1131549411
186,23,3.5,1051250089
186,12,3.5,1438610283
186,5,3.0,1454373758
186,4,5.0,1461875225
186,6,3.5,1266591875
186,21,3.0,1212288779
186,18,3.5,1286886743
186,9,2.0,942963526
186,2,2.0,1316219135
186,19,3.5,1551629270
186,3,5.0,980528798
186,1,4.5,1434211070
186,22,3.0,1004588938
186,16,3.5,1232368523
186,15,3.0,1487482857
187,16,5.0,1394717042
187,4,4.0,1176965362
187,15,5.0,1374642621
187,11,3.5,1598245804
187,6,5.0,1510672894
187,10,2.5,1424264108
187,21,5.0,1330505206
187,3,4.0,1339196085
187,9,5.0,1038495768
187,12,2.0,1373335114
187,19,2.0,1236774194
187,2,5.0,1301239174
188,22,3.5,1328724081
188,14,4.0,978360259
188,17,4.0,1000398208
188,15,5.0,1274669284
188,9,2.0,1399132107
188,2,4.0,1017165692
188,20,5.0,1326216314
188,8,4.5,1365053045
188,1,4.0,1240682024
188,5,4.5,1267674476
188,24,4.5,1411336760
188,19,3.5,1022757072
189,15,5.0,1354107271
189,2,1.5,1189747205
189,18,3.5,1052189904
189,5,4.0,974366341
189,16,3.5,1384709528
189,22,4.0,1350672916
189,7,2.0,1178579341
189,11,3.5,1097652556
189,24,3.5,1360135199
189,13,3.0,1267240263
189,1,4.5,1113250824
189,21,3.5,1275032525
189,6,4.5,1474995501
189,19,3.0,1072538668
189,8,4.5,1512373077
189,4,3.5,1317833711
189,25,4.0,1541161999
189,10,2.5,1113202153
190,24,2.5,1336354332
190,22,3.5,1182182240
190,19,3.5,1383784000
190,20,3.5,1034987818
190,5,2.5,1521027598
190,11,2.5,1004631910
190,25,5.0,1101495110
190,1,4.0,1351160662
190,21,3.0,1545258023
190,15,2.0,1305398280
190,16,3.5,1105255412
190,3,4.0,1519373399
191,12,2.5,1482469521
191,25,4.0,1357252089
191,1,2.0,1021740845
191,10,3.5,1088778639
191,22,2.5,1493514629
191,17,3.5,1538760216
191,4,4.0,1206046409
191,16,4.5,1369755251
191,15,2.5,1006542097
191,14,2.5,994081451
192,3,4.5,1351659683
192,21,3.5,1127494893
192,1,3.5,1309181353
192,20,4.5,1022944626
192,14,4.0,1033617038
192,4,4.5,1276468571
192,16,5.0,1343385303
192,18,3.0,1592412526
192,22,3.0,908165949
192,15,2.0,1302270717
192,9,3.5,1187343124
192,10,2.5,1184003716
192,13,2.5,1345298475
193,1,5.0,1561712635
193,14,2.5,1520465595
193,2,2.0,1360745246
193,25,4.5,1086527496
193,22,4.5,1332845746
193,5,4.5,1369656381
193,12,3.0,1148001621
193,17,5.0,1441441883
193,11,4.5,1027101749
193,18,2.5,1573577976
193,3,2.0,1179419960
193,10,4.0,1246179340
193,7,3.0,1118788403
193,4,3.5,912388963
193,9,3.5,1575269926
193,13,3.5,1563679437
193,19,3.0,1483763884
194,19,4.5,1305989253
194,13,2.0,1179687972
194,1,3.0,1054371352
194,5,3.0,1573706432
194,15,5.0,1011045552
194,12,4.0,1019111815
194,6,2.0,1014972684
194,8,4.0,1052294589
194,18,3.0,999618698
194,10,5.0,983087679
194,4,2.5,1123308727
194,9,3.5,1319618529
195,16,4.0,1091853043
195,1,4.0,1509127131
195,14,2.0,1025850205
195,3,2.0,1268089919
195,25,4.5,1559282845
195,22,3.5,1544237435
195,7,3.0,1173268387
195,23,3.5,1030560149
195,13,3.5,924737048
195,11,3.5,1456192815
195,21,3.0,1291798349
195,8,3.5,1023253165
195,17,3.5,1048783057
196,3,3.5,1450460773
196,24,5.0,1168535479
196,23,3.0,1085713869
196,5,4.0,1201810317
196,9,5.0,1321793625
196,21,5.0,1530908025
196,16,4.5,1234561986
196,7,4.0,1423805398
196,25,4.0,1365436656
196,12,4.5,1191707648
196,19,3.0,1242253799
196,20,2.5,1360971296
196,11,2.5,1114448547
196,22,2.5,1579354803
196,8,3.0,969005360
196,13,1.5,1449065195
196,18,4.0,1171725032
197,14,3.5,1253120816
197,10,3.5,1129536397
197,20,2.0,1149804684
197,21,4.0,1503056990
197,17,4.0,1127821348
197,12,4.0,1466143648
197,13,4.0,1552732351
197,1,5.0,980341870
197,4,2.0,1367298419
197,6,3.0,1241217210
197,19,4.0,953321738
197,16,3.0,1430357875
197,7,0.5,1352300048
197,3,3.5,1028053407
197,25,4.0,1250979097
197,22,4.0,1534765132
197,2,2.5,1206056061
197,24,4.5,919151578
197,11,2.5,904989688
197,23,2.0,1395823751
197,15,3.0,1332514798
197,9,5.0,939737245
197,8,5.0,942005043
197,18,2.0,1262269610
197,5,3.5,1002134123
198,24,3.0,911162649
198,10,5.0,1367810480
198,9,5.0,1143032073
198,11,4.0,1296081382
198,12,4.0,1477198900
198,13,5.0,956361762
198,3,3.5,1178837532
198,18,3.5,951543246
198,22,3.5,1226729003
198,16,4.5,1557935977
198,25,4.0,1307545649
198,1,3.5,1047922246
198,7,4.0,1526478110
198,5,3.0,1058915379
198,8,3.5,1527205133
198,17,5.0,1343770966
198,2,2.0,1583870083
198,6,3.0,1466494300
198,21,3.5,1158260082
198,14,2.0,1201229255
198,15,3.0,1245649694
198,23,3.5,998568826
198,20,2.5,1183266009
199,23,2.5,1466554119
199,3,5.0,1451825253
199,12,4.5,1234820002
199,18,2.0,1387502372
199,8,2.5,1013452068
199,7,2.0,1039651408
199,24,3.5,1385795047
199,19,4.5,1566233236
199,16,2.0,1101813509
199,2,3.5,973700896
199,4,3.5,1229796342
199,1,4.0,1519809183
199,11,3.0,1015076545
199,15,3.0,1018325467
199,21,3.5,1100821686
199,20,5.0,1186427794
199,25,5.0,1386019487
199,13,4.0,1277910762
199,14,3.5,990266007
200,14,5.0,1089671239
200,7,2.5,1430016390
200,5,3.0,1456862328
200,13,2.0,1594007506
200,17,4.0,1167301847
200,25,4.0,957056243
200,21,3.5,938319651
200,11,3.0,1471372089
200,2,3.0,1008482276
200,15,3.0,1334392347
200,23,5.0,1320808111
200,6,3.0,1188049441
200,19,4.0,1431686523
200,1,4.0,1273268212
200,18,5.0,1583865325
200,24,3.0,903335978
200,10,5.0,1001192189
200,4,4.5,1567994493
200,3,5.0,1411915355
200,22,3.5,1156215726
200,8,1.5,1082785838
